id,terrestrial_date,sol,ls,month,min_temp,pressure,earth_days
2,2012-08-16,10,155,6,-75.0,739.0,10.2749125
13,2012-08-17,11,156,6,-76.0,740.0,11.30240375
24,2012-08-18,12,156,6,-76.0,741.0,12.329895
35,2012-08-19,13,157,6,-74.0,732.0,13.35738625
46,2012-08-20,14,157,6,-74.0,740.0,14.3848775
57,2012-08-21,15,158,6,-78.0,740.0,15.412368749999999
68,2012-08-22,16,158,6,-77.0,740.0,16.43986
79,2012-08-23,17,159,6,-76.0,742.0,17.46735125
112,2012-08-27,21,161,6,-74.0,741.0,21.57731625
114,2012-08-28,22,162,6,-74.0,742.0,22.6048075
123,2012-08-29,23,162,6,-75.0,741.0,23.63229875
134,2012-08-30,24,163,6,-75.0,742.0,24.65979
145,2012-08-31,25,163,6,-75.0,743.0,25.687281249999998
156,2012-09-01,26,164,6,-76.0,745.0,26.7147725
163,2012-09-02,27,164,6,-75.0,743.0,27.74226375
170,2012-09-03,28,165,6,-75.0,745.0,28.769755
171,2012-09-04,29,166,6,-75.0,747.0,29.79724625
172,2012-09-05,30,166,6,-74.0,747.0,30.824737499999998
173,2012-09-06,31,167,6,-74.0,745.0,31.85222875
175,2012-09-08,33,168,6,-73.0,748.0,33.907211249999996
176,2012-09-10,34,168,6,-73.0,748.0,34.9347025
177,2012-09-11,35,169,6,-73.0,749.0,35.96219375
178,2012-09-12,36,169,6,-73.0,750.0,36.989685
179,2012-09-13,37,170,6,-73.0,750.0,38.01717625
180,2012-09-14,38,171,6,-73.0,750.0,39.044667499999996
181,2012-09-15,39,171,6,-75.0,751.0,40.07215875
182,2012-09-16,40,172,6,-75.0,753.0,41.09965
183,2012-09-17,41,172,6,-75.0,753.0,42.12714125
184,2012-09-18,42,173,6,-75.0,754.0,43.1546325
185,2012-09-19,43,173,6,-74.0,756.0,44.182123749999995
186,2012-09-20,44,174,6,-75.0,757.0,45.209615
187,2012-09-21,45,175,6,-74.0,758.0,46.23710625
188,2012-09-22,46,175,6,-74.0,758.0,47.2645975
189,2012-09-23,47,176,6,-75.0,758.0,48.29208875
190,2012-09-24,48,176,6,-75.0,759.0,49.31958
191,2012-09-25,49,177,6,-74.0,761.0,50.34707125
192,2012-09-26,50,177,6,-72.0,761.0,51.374562499999996
193,2012-09-27,51,178,6,-76.0,762.0,52.40205375
194,2012-09-28,52,179,6,-74.0,762.0,53.429545
195,2012-09-29,53,179,6,-71.0,764.0,54.45703625
196,2012-09-30,54,180,7,-72.0,766.0,55.4845275
197,2012-10-01,55,180,7,-74.0,766.0,56.512018749999996
198,2012-10-02,56,181,7,-73.0,768.0,57.53951
199,2012-10-03,57,181,7,-73.0,769.0,58.56700125
200,2012-10-04,58,182,7,-74.0,769.0,59.5944925
201,2012-10-05,59,183,7,-76.0,771.0,60.62198375
202,2012-10-06,60,183,7,-75.0,772.0,61.649474999999995
203,2012-10-07,61,184,7,-72.0,772.0,62.67696625
204,2012-10-08,62,184,7,-72.0,774.0,63.7044575
205,2012-10-09,63,185,7,-73.0,775.0,64.73194875
206,2012-10-10,64,186,7,-74.0,776.0,65.75944
207,2012-10-11,65,186,7,-72.0,777.0,66.78693125
208,2012-10-12,66,187,7,-73.0,778.0,67.81442249999999
209,2012-10-13,67,187,7,-73.0,780.0,68.84191375
210,2012-10-14,68,188,7,-71.0,781.0,69.869405
211,2012-10-15,69,189,7,-73.0,778.0,70.89689625
212,2012-10-17,70,189,7,-72.0,783.0,71.9243875
213,2012-10-18,71,190,7,-71.0,784.0,72.95187874999999
214,2012-10-19,72,190,7,-73.0,785.0,73.97937
215,2012-10-20,73,191,7,-70.0,788.0,75.00686125
216,2012-10-21,74,192,7,-72.0,790.0,76.0343525
217,2012-10-22,75,192,7,-73.0,791.0,77.06184375
218,2012-10-23,76,193,7,-73.0,792.0,78.08933499999999
219,2012-10-24,77,193,7,-71.0,792.0,79.11682625
220,2012-10-25,78,194,7,-71.0,793.0,80.1443175
221,2012-10-26,79,195,7,-73.0,795.0,81.17180875
222,2012-10-27,80,195,7,-70.0,796.0,82.1993
223,2012-10-28,81,196,7,-72.0,798.0,83.22679124999999
224,2012-10-29,82,196,7,-72.0,799.0,84.2542825
225,2012-10-30,83,197,7,-72.0,801.0,85.28177375
226,2012-10-31,84,198,7,-70.0,801.0,86.309265
227,2012-11-01,85,198,7,-71.0,805.0,87.33675625
228,2012-11-02,86,199,7,-71.0,808.0,88.36424749999999
229,2012-11-03,87,199,7,-70.0,808.0,89.39173875
230,2012-11-04,88,200,7,-70.0,811.0,90.41923
231,2012-11-05,89,201,7,-73.0,813.0,91.44672125
233,2012-11-06,90,201,7,-71.0,813.0,92.4742125
234,2012-11-07,91,202,7,-74.0,817.0,93.50170374999999
235,2012-11-08,92,202,7,-74.0,820.0,94.529195
236,2012-11-09,93,203,7,-72.0,819.0,95.55668625
237,2012-11-10,94,204,7,-70.0,822.0,96.5841775
238,2012-11-11,95,204,7,-68.0,822.0,97.61166874999999
239,2012-11-12,96,205,7,-71.0,826.0,98.63916
240,2012-11-13,97,206,7,-68.0,828.0,99.66665125
241,2012-11-14,98,206,7,-68.0,828.0,100.6941425
242,2012-11-15,99,207,7,-68.0,829.0,101.72163375
3,2012-11-16,100,207,7,-66.0,829.0,102.74912499999999
4,2012-11-17,101,208,7,-65.0,830.0,103.77661625
5,2012-11-18,102,209,7,-67.0,833.0,104.8041075
6,2012-11-19,103,209,7,-66.0,836.0,105.83159875
7,2012-11-20,104,210,8,-67.0,838.0,106.85909
8,2012-11-21,105,211,8,-66.0,839.0,107.88658124999999
9,2012-11-23,106,211,8,-66.0,841.0,108.9140725
10,2012-11-24,107,212,8,-66.0,844.0,109.94156375
11,2012-11-25,108,212,8,-65.0,845.0,110.969055
12,2012-11-26,109,213,8,-64.0,844.0,111.99654625
14,2012-11-27,110,214,8,-65.0,848.0,113.02403749999999
15,2012-11-28,111,214,8,-66.0,849.0,114.05152875
16,2012-11-29,112,215,8,-65.0,852.0,115.07902
17,2012-11-30,113,216,8,-66.0,857.0,116.10651125
18,2012-12-01,114,216,8,-69.0,857.0,117.1340025
19,2012-12-02,115,217,8,-66.0,857.0,118.16149374999999
20,2012-12-03,116,217,8,-67.0,859.0,119.188985
21,2012-12-04,117,218,8,-66.0,861.0,120.21647625
22,2012-12-05,118,219,8,-65.0,864.0,121.2439675
23,2012-12-06,119,219,8,-66.0,866.0,122.27145875
25,2012-12-07,120,220,8,-67.0,867.0,123.29894999999999
26,2012-12-08,121,221,8,-66.0,869.0,124.32644125
27,2012-12-09,122,221,8,-65.0,869.0,125.3539325
28,2012-12-10,123,222,8,-66.0,875.0,126.38142375
29,2012-12-11,124,223,8,-66.0,876.0,127.408915
30,2012-12-12,125,223,8,-68.0,880.0,128.43640625
31,2012-12-13,126,224,8,-66.0,880.0,129.4638975
32,2012-12-14,127,224,8,-67.0,884.0,130.49138875
33,2012-12-15,128,225,8,-67.0,883.0,131.51888
34,2012-12-16,129,226,8,-65.0,886.0,132.54637125
36,2012-12-17,130,226,8,-65.0,888.0,133.5738625
37,2012-12-18,131,227,8,-65.0,889.0,134.60135375
38,2012-12-19,132,228,8,-65.0,890.0,135.62884499999998
39,2012-12-20,133,228,8,-65.0,891.0,136.65633625
40,2012-12-21,134,229,8,-67.0,893.0,137.6838275
41,2012-12-22,135,230,8,-65.0,894.0,138.71131875
42,2012-12-23,136,230,8,-65.0,897.0,139.73881
43,2012-12-24,137,231,8,-64.0,896.0,140.76630125
44,2012-12-25,138,232,8,-65.0,899.0,141.7937925
45,2012-12-26,139,232,8,-66.0,899.0,142.82128375
47,2012-12-27,140,233,8,-66.0,903.0,143.848775
48,2012-12-28,141,233,8,-64.0,904.0,144.87626625
49,2012-12-29,142,234,8,-65.0,906.0,145.90375749999998
50,2012-12-31,143,235,8,-63.0,908.0,146.93124875
51,2013-01-01,144,235,8,-64.0,907.0,147.95874
52,2013-01-02,145,236,8,-64.0,909.0,148.98623125
53,2013-01-03,146,237,8,-65.0,908.0,150.0137225
54,2013-01-04,147,237,8,-65.0,914.0,151.04121375
55,2013-01-05,148,238,8,-65.0,912.0,152.068705
56,2013-01-06,149,239,8,-65.0,914.0,153.09619625
58,2013-01-07,150,239,8,-64.0,913.0,154.1236875
59,2013-01-08,151,240,9,-65.0,915.0,155.15117874999999
60,2013-01-09,152,241,9,-63.0,914.0,156.17866999999998
61,2013-01-10,153,241,9,-65.0,915.0,157.20616125
62,2013-01-11,154,242,9,-65.0,917.0,158.2336525
63,2013-01-12,155,243,9,-64.0,917.0,159.26114375
64,2013-01-13,156,243,9,-65.0,922.0,160.288635
65,2013-01-14,157,244,9,-64.0,920.0,161.31612625
66,2013-01-15,158,245,9,-66.0,922.0,162.3436175
67,2013-01-16,159,245,9,-65.0,918.0,163.37110875
69,2013-01-17,160,246,9,-67.0,919.0,164.3986
70,2013-01-18,161,246,9,-65.0,919.0,165.42609124999998
71,2013-01-19,162,247,9,-65.0,919.0,166.45358249999998
72,2013-01-20,163,248,9,-65.0,919.0,167.48107375
73,2013-01-21,164,248,9,-64.0,919.0,168.508565
74,2013-01-22,165,249,9,-65.0,922.0,169.53605625
75,2013-01-23,166,250,9,-65.0,922.0,170.5635475
76,2013-01-24,167,250,9,-65.0,920.0,171.59103875
77,2013-01-25,168,251,9,-66.0,923.0,172.61853
78,2013-01-26,169,252,9,-66.0,922.0,173.64602125
80,2013-01-27,170,252,9,-66.0,925.0,174.6735125
81,2013-01-28,171,253,9,-67.0,925.0,175.70100374999998
82,2013-01-29,172,254,9,-67.0,923.0,176.72849499999998
83,2013-01-30,173,254,9,-67.0,920.0,177.75598625
84,2013-01-31,174,255,9,-67.0,921.0,178.7834775
85,2013-02-01,175,256,9,-68.0,921.0,179.81096875
86,2013-02-02,176,256,9,-67.0,920.0,180.83846
87,2013-02-03,177,257,9,-66.0,921.0,181.86595125
88,2013-02-04,178,258,9,-66.0,920.0,182.8934425
89,2013-02-06,179,258,9,-66.0,920.0,183.92093375
91,2013-02-07,180,259,9,-67.0,919.0,184.948425
92,2013-02-08,181,260,9,-67.0,918.0,185.97591624999998
93,2013-02-09,182,260,9,-67.0,921.0,187.00340749999998
94,2013-02-10,183,261,9,-67.0,921.0,188.03089875
95,2013-02-11,184,261,9,-67.0,923.0,189.05839
96,2013-02-12,185,262,9,-67.0,923.0,190.08588125
97,2013-02-13,186,263,9,-66.0,922.0,191.1133725
98,2013-02-14,187,263,9,-67.0,921.0,192.14086375
99,2013-02-15,188,264,9,-68.0,920.0,193.168355
100,2013-02-16,189,265,9,-68.0,920.0,194.19584625
102,2013-02-17,190,265,9,-66.0,917.0,195.22333749999999
103,2013-02-18,191,266,9,-67.0,921.0,196.25082874999998
106,2013-02-23,196,269,9,-66.0,916.0,201.388285
107,2013-02-24,197,270,10,-68.0,915.0,202.41577625
108,2013-02-25,198,271,10,-67.0,914.0,203.4432675
109,2013-02-26,199,271,10,-66.0,917.0,204.47075875
116,2013-03-23,223,287,10,-71.0,895.0,229.13054875
117,2013-03-24,224,287,10,-69.0,894.0,230.15804
118,2013-03-25,225,288,10,-71.0,894.0,231.18553125
119,2013-03-26,226,288,10,-70.0,894.0,232.2130225
120,2013-03-27,227,289,10,-70.0,892.0,233.24051375
121,2013-03-28,228,290,10,-71.0,894.0,234.268005
122,2013-03-29,229,290,10,-69.0,894.0,235.29549624999999
124,2013-03-30,230,291,10,-69.0,888.0,236.32298749999998
125,2013-03-31,231,292,10,-71.0,890.0,237.35047874999998
126,2013-04-01,232,292,10,-69.0,888.0,238.37797
127,2013-04-02,233,293,10,-69.0,889.0,239.40546125
128,2013-04-03,234,293,10,-69.0,890.0,240.4329525
129,2013-04-04,235,294,10,-70.0,886.0,241.46044375
130,2013-04-05,236,295,10,-72.0,886.0,242.487935
131,2013-04-06,237,295,10,-71.0,883.0,243.51542625
132,2013-04-07,238,296,10,-70.0,885.0,244.5429175
133,2013-04-08,239,297,10,-73.0,885.0,245.57040874999998
135,2013-04-09,240,297,10,-70.0,884.0,246.59789999999998
136,2013-04-10,241,298,10,-72.0,884.0,247.62539124999998
137,2013-04-11,242,298,10,-70.0,881.0,248.6528825
138,2013-04-12,243,299,10,-71.0,884.0,249.68037375
139,2013-04-13,244,300,11,-69.0,878.0,250.707865
140,2013-04-14,245,300,11,-70.0,879.0,251.73535625
141,2013-04-15,246,301,11,-73.0,878.0,252.7628475
142,2013-04-16,247,301,11,-71.0,873.0,253.79033875
143,2013-04-17,248,302,11,-70.0,877.0,254.81783
144,2013-04-18,249,303,11,-69.0,873.0,255.84532124999998
146,2013-04-19,250,303,11,-70.0,877.0,256.8728125
147,2013-04-20,251,304,11,-71.0,876.0,257.90030375
148,2013-04-22,252,304,11,-71.0,874.0,258.927795
149,2013-04-23,253,305,11,-71.0,877.0,259.95528625
150,2013-04-24,254,306,11,-70.0,871.0,260.9827775
151,2013-04-25,255,306,11,-69.0,877.0,262.01026874999997
152,2013-04-26,256,307,11,-70.0,871.0,263.03776
153,2013-04-27,257,308,11,-70.0,871.0,264.06525125
154,2013-04-28,258,308,11,-71.0,869.0,265.0927425
155,2013-04-29,259,309,11,-72.0,871.0,266.12023375
157,2013-04-30,260,309,11,-70.0,875.0,267.147725
158,2013-05-01,261,310,11,-70.0,868.0,268.17521625
161,2013-05-08,268,314,11,-70.0,864.0,275.367655
162,2013-05-09,269,315,11,-72.0,866.0,276.39514625
164,2013-05-10,270,315,11,-67.0,863.0,277.4226375
165,2013-05-11,271,316,11,-69.0,864.0,278.45012875
166,2013-05-12,272,316,11,-71.0,864.0,279.47762
167,2013-05-13,273,317,11,-70.0,861.0,280.50511124999997
168,2013-05-14,274,318,11,-70.0,861.0,281.5326025
169,2013-05-15,275,318,11,-67.0,860.0,282.56009374999996
244,2013-05-16,276,319,11,-69.0,858.0,283.587585
245,2013-05-17,277,319,11,-69.0,857.0,284.61507625
246,2013-05-18,278,320,11,-67.0,855.0,285.6425675
247,2013-05-19,279,321,11,-68.0,856.0,286.67005875
248,2013-05-20,280,321,11,-69.0,856.0,287.69755
249,2013-05-21,281,322,11,-68.0,855.0,288.72504125
250,2013-05-22,282,322,11,-72.0,856.0,289.7525325
251,2013-05-23,283,323,11,-68.0,854.0,290.78002375
252,2013-05-24,284,323,11,-71.0,854.0,291.80751499999997
253,2013-05-25,285,324,11,-70.0,852.0,292.83500625
254,2013-05-26,286,325,11,-71.0,854.0,293.8624975
255,2013-05-27,287,325,11,-72.0,856.0,294.88998875
256,2013-05-29,288,326,11,-69.0,854.0,295.91748
257,2013-05-30,289,326,11,-71.0,854.0,296.94497125
258,2013-05-31,290,327,11,-71.0,853.0,297.9724625
259,2013-06-01,291,327,11,-70.0,853.0,298.99995375
260,2013-06-02,292,328,11,-71.0,853.0,300.027445
261,2013-06-03,293,329,11,-72.0,850.0,301.05493624999997
262,2013-06-04,294,329,11,-72.0,852.0,302.0824275
263,2013-06-05,295,330,12,-71.0,853.0,303.10991874999996
264,2013-06-06,296,330,12,-71.0,850.0,304.13741
265,2013-06-07,297,331,12,-72.0,849.0,305.16490125
266,2013-06-08,298,331,12,-72.0,850.0,306.1923925
267,2013-06-09,299,332,12,-71.0,849.0,307.21988375
286,2013-06-10,300,333,12,-72.0,852.0,308.247375
276,2013-06-11,301,333,12,-73.0,852.0,309.27486625
287,2013-06-12,302,334,12,-71.0,850.0,310.30235749999997
283,2013-06-13,303,334,12,-71.0,849.0,311.32984875
281,2013-06-14,304,335,12,-70.0,848.0,312.35733999999997
275,2013-06-15,305,335,12,-71.0,847.0,313.38483125
280,2013-06-16,306,336,12,-71.0,848.0,314.4123225
279,2013-06-17,307,336,12,-72.0,851.0,315.43981375
282,2013-06-18,308,337,12,-73.0,850.0,316.467305
284,2013-06-19,309,338,12,-72.0,848.0,317.49479625
278,2013-06-20,310,338,12,-71.0,849.0,318.5222875
277,2013-06-21,311,339,12,-74.0,846.0,319.54977875
285,2013-06-22,312,339,12,-71.0,845.0,320.57727
274,2013-06-23,313,340,12,-77.0,849.0,321.60476124999997
272,2013-06-24,314,340,12,-73.0,848.0,322.6322525
273,2013-06-25,315,341,12,-74.0,850.0,323.65974374999996
288,2013-06-26,316,341,12,-74.0,851.0,324.687235
268,2013-06-27,317,342,12,-72.0,849.0,325.71472625
270,2013-06-28,318,342,12,-74.0,849.0,326.7422175
271,2013-06-29,319,343,12,-73.0,847.0,327.76970875
269,2013-06-30,320,344,12,-74.0,846.0,328.7972
289,2013-07-01,321,344,12,-75.0,847.0,329.82469125
291,2013-07-02,322,345,12,-74.0,849.0,330.85218249999997
290,2013-07-03,323,345,12,-74.0,847.0,331.87967375
292,2013-07-04,324,346,12,-75.0,850.0,332.90716499999996
294,2013-07-06,325,346,12,-74.0,847.0,333.93465625
295,2013-07-07,326,347,12,-72.0,848.0,334.9621475
296,2013-07-08,327,347,12,-74.0,848.0,335.98963875
293,2013-07-09,328,348,12,-75.0,847.0,337.01713
298,2013-07-10,329,348,12,-74.0,847.0,338.04462125
297,2013-07-11,330,349,12,-75.0,848.0,339.0721125
303,2013-07-12,331,349,12,-74.0,848.0,340.09960374999997
300,2013-07-13,332,350,12,-76.0,849.0,341.127095
299,2013-07-14,333,350,12,-75.0,849.0,342.15458624999997
301,2013-07-15,334,351,12,-74.0,852.0,343.1820775
302,2013-07-16,335,352,12,-76.0,852.0,344.20956875
305,2013-07-17,336,352,12,-76.0,852.0,345.23706
304,2013-07-18,337,353,12,-75.0,853.0,346.26455125
306,2013-07-19,338,353,12,-78.0,848.0,347.2920425
308,2013-07-20,339,354,12,-76.0,849.0,348.31953375
307,2013-07-21,340,354,12,-76.0,851.0,349.347025
310,2013-07-22,341,355,12,-77.0,852.0,350.37451625
309,2013-07-23,342,355,12,-76.0,851.0,351.40200749999997
311,2013-07-24,343,356,12,-77.0,850.0,352.42949875
317,2013-07-25,344,356,12,-77.0,851.0,353.45698999999996
312,2013-07-26,345,357,12,-77.0,853.0,354.48448125
314,2013-07-27,346,357,12,-76.0,853.0,355.5119725
313,2013-07-28,347,358,12,-77.0,851.0,356.53946375
315,2013-07-29,348,358,12,-74.0,850.0,357.566955
316,2013-07-30,349,359,12,-75.0,852.0,358.59444625
318,2013-07-31,350,359,12,-76.0,853.0,359.6219375
320,2013-08-01,351,0,1,-75.0,853.0,360.64942874999997
319,2013-08-02,352,0,1,-77.0,854.0,361.67692
323,2013-08-03,353,1,1,-75.0,855.0,362.70441124999996
322,2013-08-04,354,1,1,-75.0,857.0,363.7319025
321,2013-08-05,355,2,1,-75.0,857.0,364.75939375
324,2013-08-06,356,2,1,-77.0,856.0,365.786885
325,2013-08-07,357,3,1,-76.0,857.0,366.81437625
326,2013-08-17,366,7,1,-76.0,861.0,376.0617975
328,2013-08-18,367,8,1,-76.0,862.0,377.08928875
330,2013-08-19,368,8,1,-77.0,863.0,378.11678
331,2013-08-20,369,9,1,-75.0,865.0,379.14427125
332,2013-08-21,370,9,1,-79.0,865.0,380.1717625
333,2013-08-22,371,10,1,-77.0,865.0,381.19925374999997
334,2013-08-23,372,10,1,-76.0,866.0,382.226745
335,2013-08-24,373,11,1,-79.0,866.0,383.25423624999996
337,2013-08-25,374,11,1,-79.0,866.0,384.2817275
336,2013-08-26,375,12,1,-77.0,867.0,385.30921875
340,2013-08-27,376,12,1,-78.0,870.0,386.33671
338,2013-08-28,377,13,1,-78.0,870.0,387.36420125
339,2013-08-29,378,13,1,-78.0,869.0,388.3916925
341,2013-08-30,379,14,1,-79.0,870.0,389.41918375
343,2013-08-31,380,14,1,-79.0,870.0,390.44667499999997
345,2013-09-01,381,15,1,-79.0,871.0,391.47416625
344,2013-09-02,382,15,1,-76.0,872.0,392.50165749999996
342,2013-09-03,383,16,1,-77.0,874.0,393.52914875
346,2013-09-04,384,16,1,-77.0,875.0,394.55664
351,2013-09-05,385,17,1,-78.0,874.0,395.58413125
347,2013-09-06,386,17,1,-77.0,873.0,396.6116225
349,2013-09-07,387,18,1,-78.0,874.0,397.63911375
350,2013-09-08,388,18,1,-79.0,875.0,398.666605
348,2013-09-09,389,19,1,-79.0,875.0,399.69409625
352,2013-09-10,390,19,1,-78.0,875.0,400.7215875
353,2013-09-11,391,20,1,-78.0,875.0,401.74907874999997
354,2013-09-12,392,20,1,-77.0,876.0,402.77657
355,2013-09-13,393,21,1,-76.0,877.0,403.80406124999996
356,2013-09-14,394,21,1,-79.0,878.0,404.8315525
357,2013-09-15,395,22,1,-77.0,878.0,405.85904375
358,2013-09-16,396,22,1,-78.0,879.0,406.886535
359,2013-09-18,397,23,1,-75.0,880.0,407.91402625
360,2013-09-19,398,23,1,-79.0,880.0,408.9415175
361,2013-09-20,399,24,1,-79.0,881.0,409.96900875
363,2013-09-21,400,24,1,-79.0,881.0,410.99649999999997
362,2013-09-22,401,25,1,-79.0,882.0,412.02399125
365,2013-09-23,402,25,1,-78.0,883.0,413.05148249999996
364,2013-09-24,403,25,1,-80.0,883.0,414.07897375
367,2013-09-25,404,26,1,-78.0,884.0,415.106465
366,2013-09-26,405,26,1,-82.0,885.0,416.13395625
374,2013-09-27,406,27,1,-81.0,886.0,417.1614475
370,2013-09-28,407,27,1,-81.0,887.0,418.18893875
369,2013-09-29,408,28,1,-80.0,887.0,419.21643
368,2013-09-30,409,28,1,-81.0,887.0,420.24392124999997
373,2013-10-01,410,29,1,-81.0,888.0,421.2714125
372,2013-10-02,411,29,1,-82.0,887.0,422.29890374999997
371,2013-10-03,412,30,2,-80.0,888.0,423.326395
376,2013-10-04,413,30,2,-82.0,888.0,424.35388624999996
375,2013-10-05,414,31,2,-79.0,889.0,425.3813775
377,2013-10-06,415,31,2,-82.0,890.0,426.40886875
378,2013-10-07,416,32,2,-79.0,889.0,427.43636
379,2013-10-08,417,32,2,-82.0,890.0,428.46385125
380,2013-10-09,418,33,2,-79.0,891.0,429.4913425
381,2013-10-10,419,33,2,-82.0,891.0,430.51883375
385,2013-10-11,420,33,2,-80.0,892.0,431.54632499999997
382,2013-10-12,421,34,2,-81.0,890.0,432.57381625
384,2013-10-13,422,34,2,-82.0,891.0,433.60130749999996
383,2013-10-14,423,35,2,-81.0,892.0,434.62879875
386,2013-10-15,424,35,2,-81.0,893.0,435.65629
393,2013-10-16,425,36,2,-81.0,893.0,436.68378125
388,2013-10-17,426,36,2,-79.0,893.0,437.7112725
392,2013-10-18,427,37,2,-81.0,893.0,438.73876375
391,2013-10-19,428,37,2,-81.0,894.0,439.766255
387,2013-10-20,429,38,2,-82.0,895.0,440.79374624999997
390,2013-10-21,430,38,2,-82.0,896.0,441.8212375
389,2013-10-22,431,39,2,-83.0,895.0,442.84872874999996
395,2013-10-23,432,39,2,-80.0,896.0,443.87622
394,2013-10-24,433,40,2,-81.0,895.0,444.90371124999996
397,2013-10-26,434,40,2,-80.0,896.0,445.9312025
396,2013-10-27,435,40,2,-81.0,896.0,446.95869375
398,2013-10-28,436,41,2,-81.0,897.0,447.986185
399,2013-10-29,437,41,2,-82.0,898.0,449.01367625
400,2013-10-30,438,42,2,-79.0,899.0,450.0411675
401,2013-10-31,439,42,2,-80.0,899.0,451.06865875
404,2013-11-01,440,43,2,-80.0,899.0,452.09614999999997
402,2013-11-02,441,43,2,-81.0,900.0,453.12364125
405,2013-11-03,442,44,2,-80.0,900.0,454.15113249999996
403,2013-11-04,443,44,2,-81.0,901.0,455.17862375
407,2013-11-16,455,50,2,-84.0,905.0,467.50851875
406,2013-11-17,456,50,2,-83.0,905.0,468.53601
409,2013-11-24,463,53,2,-86.0,906.0,475.72844875
410,2013-11-25,464,54,2,-84.0,906.0,476.75594
412,2013-11-26,465,54,2,-85.0,906.0,477.78343125
415,2013-11-27,466,55,2,-85.0,907.0,478.8109225
411,2013-11-28,467,55,2,-84.0,907.0,479.83841375
414,2013-11-29,468,55,2,-85.0,907.0,480.865905
413,2013-11-30,469,56,2,-85.0,908.0,481.89339624999997
475,2013-12-02,470,56,2,-85.0,907.0,482.9208875
479,2013-12-03,471,57,2,-84.0,906.0,483.94837874999996
416,2013-12-04,472,57,2,-84.0,907.0,484.97587
417,2013-12-05,473,58,2,-86.0,907.0,486.00336125
420,2013-12-06,474,58,2,-84.0,906.0,487.0308525
419,2013-12-07,475,59,2,-85.0,906.0,488.05834375
418,2013-12-08,476,59,2,-85.0,906.0,489.085835
421,2013-12-09,477,60,3,-85.0,907.0,490.11332625
422,2013-12-18,486,64,3,-84.0,904.0,499.3607475
473,2013-12-19,487,64,3,-85.0,904.0,500.38823874999997
480,2013-12-20,488,64,3,-87.0,903.0,501.41573
423,2013-12-21,489,65,3,-85.0,904.0,502.44322124999997
434,2013-12-22,490,65,3,-87.0,903.0,503.4707125
433,2013-12-23,491,66,3,-86.0,903.0,504.49820374999996
427,2013-12-24,492,66,3,-86.0,903.0,505.525695
426,2013-12-25,493,67,3,-84.0,902.0,506.55318625
429,2013-12-26,494,67,3,-85.0,902.0,507.5806775
431,2013-12-27,495,68,3,-86.0,900.0,508.60816875
428,2013-12-28,496,68,3,-85.0,901.0,509.63566
425,2013-12-29,497,69,3,-86.0,901.0,510.66315125
424,2013-12-30,498,69,3,-86.0,901.0,511.69064249999997
432,2013-12-31,499,69,3,-84.0,899.0,512.71813375
430,2014-01-01,500,70,3,-85.0,897.0,513.745625
435,2014-01-02,501,70,3,-86.0,898.0,514.7731162499999
437,2014-01-03,502,71,3,-87.0,898.0,515.8006075
483,2014-01-04,503,71,3,-86.0,897.0,516.82809875
436,2014-01-05,504,72,3,-85.0,895.0,517.85559
438,2014-01-06,505,72,3,-85.0,895.0,518.88308125
439,2014-01-08,506,73,3,-86.0,894.0,519.9105725
440,2014-01-09,507,73,3,-85.0,894.0,520.93806375
442,2014-01-10,508,73,3,-83.0,893.0,521.965555
443,2014-01-11,509,74,3,-86.0,895.0,522.99304625
441,2014-01-12,510,74,3,-85.0,892.0,524.0205374999999
446,2014-01-13,511,75,3,-85.0,892.0,525.04802875
444,2014-01-14,512,75,3,-86.0,890.0,526.07552
445,2014-01-15,513,76,3,-86.0,889.0,527.10301125
447,2014-01-16,514,76,3,-86.0,888.0,528.1305025
450,2014-01-17,515,77,3,-86.0,888.0,529.15799375
449,2014-01-18,516,77,3,-86.0,888.0,530.185485
448,2014-01-19,517,77,3,-86.0,885.0,531.21297625
451,2014-01-20,518,78,3,-85.0,885.0,532.2404675
452,2014-01-21,519,78,3,-86.0,884.0,533.2679587499999
453,2014-01-22,520,79,3,-86.0,884.0,534.29545
454,2014-01-23,521,79,3,-87.0,882.0,535.32294125
455,2014-01-24,522,80,3,-85.0,881.0,536.3504325
458,2014-01-25,523,80,3,-85.0,881.0,537.37792375
457,2014-01-26,524,81,3,-85.0,880.0,538.405415
456,2014-01-27,525,81,3,-87.0,878.0,539.43290625
459,2014-01-28,526,82,3,-87.0,878.0,540.4603975
460,2014-01-29,527,82,3,-86.0,877.0,541.48788875
461,2014-01-30,528,82,3,-86.0,876.0,542.5153799999999
462,2014-01-31,529,83,3,-87.0,875.0,543.54287125
463,2014-02-01,530,83,3,-87.0,873.0,544.5703625
465,2014-02-02,531,84,3,-87.0,872.0,545.59785375
464,2014-02-03,532,84,3,-88.0,872.0,546.625345
466,2014-02-04,533,85,3,-87.0,871.0,547.65283625
467,2014-02-05,534,85,3,-86.0,869.0,548.6803275
468,2014-02-06,535,86,3,-88.0,868.0,549.70781875
470,2014-02-07,536,86,3,-83.0,867.0,550.73531
469,2014-02-08,537,86,3,-83.0,865.0,551.7628012499999
472,2014-02-09,538,87,3,-85.0,865.0,552.7902925
476,2014-02-10,539,87,3,-85.0,864.0,553.81778375
481,2014-02-11,540,88,3,-84.0,862.0,554.845275
482,2014-02-12,541,88,3,-84.0,861.0,555.8727662499999
477,2014-02-13,542,89,3,-85.0,859.0,556.9002575
486,2014-02-15,543,89,3,-84.0,858.0,557.92774875
487,2014-02-16,544,90,4,-86.0,857.0,558.95524
490,2014-02-17,545,90,4,-85.0,856.0,559.98273125
489,2014-02-18,546,91,4,-85.0,855.0,561.0102224999999
488,2014-02-19,547,91,4,-85.0,853.0,562.03771375
491,2014-02-20,548,91,4,-86.0,852.0,563.065205
492,2014-02-21,549,92,4,-87.0,851.0,564.09269625
494,2014-02-22,550,92,4,-85.0,850.0,565.1201874999999
495,2014-02-23,551,93,4,-85.0,848.0,566.14767875
493,2014-02-24,552,93,4,-86.0,847.0,567.17517
496,2014-02-25,553,94,4,-84.0,845.0,568.20266125
497,2014-02-26,554,94,4,-84.0,843.0,569.2301525
499,2014-02-27,555,95,4,-85.0,843.0,570.2576437499999
501,2014-02-28,556,95,4,-85.0,842.0,571.285135
498,2014-03-01,557,96,4,-85.0,840.0,572.31262625
500,2014-03-02,558,96,4,-85.0,839.0,573.3401175
502,2014-03-03,559,96,4,-85.0,838.0,574.3676087499999
503,2014-03-04,560,97,4,-86.0,836.0,575.3951
504,2014-03-05,561,97,4,-85.0,835.0,576.42259125
506,2014-03-06,562,98,4,-85.0,834.0,577.4500825
505,2014-03-07,563,98,4,-87.0,833.0,578.47757375
509,2014-03-08,564,99,4,-86.0,831.0,579.505065
508,2014-03-09,565,99,4,-85.0,830.0,580.53255625
507,2014-03-10,566,100,4,-86.0,829.0,581.5600475
510,2014-03-11,567,100,4,-86.0,827.0,582.58753875
511,2014-03-12,568,101,4,-86.0,825.0,583.6150299999999
512,2014-03-13,569,101,4,-85.0,825.0,584.64252125
513,2014-03-14,570,102,4,-84.0,823.0,585.6700125
515,2014-03-15,571,102,4,-84.0,821.0,586.69750375
514,2014-03-16,572,102,4,-85.0,820.0,587.724995
516,2014-03-17,573,103,4,-84.0,819.0,588.75248625
517,2014-03-18,574,103,4,-85.0,817.0,589.7799775
518,2014-03-19,575,104,4,-82.0,816.0,590.80746875
520,2014-03-20,576,104,4,-84.0,815.0,591.83496
519,2014-03-21,577,105,4,-84.0,813.0,592.8624512499999
521,2014-03-22,578,105,4,-83.0,812.0,593.8899425
522,2014-03-24,579,106,4,-82.0,811.0,594.91743375
523,2014-03-25,580,106,4,-83.0,810.0,595.944925
524,2014-03-26,581,107,4,-84.0,808.0,596.97241625
525,2014-03-27,582,107,4,-84.0,807.0,597.9999075
526,2014-03-28,583,108,4,-82.0,806.0,599.02739875
528,2014-03-29,584,108,4,-82.0,804.0,600.05489
527,2014-03-30,585,109,4,-83.0,802.0,601.08238125
529,2014-03-31,586,109,4,-82.0,802.0,602.1098724999999
530,2014-04-01,587,109,4,-85.0,801.0,603.13736375
532,2014-04-02,588,110,4,-84.0,799.0,604.164855
531,2014-04-03,589,110,4,-85.0,798.0,605.19234625
535,2014-04-04,590,111,4,-82.0,797.0,606.2198374999999
533,2014-04-05,591,111,4,-82.0,795.0,607.24732875
534,2014-04-06,592,112,4,-83.0,795.0,608.27482
536,2014-04-07,593,112,4,-83.0,795.0,609.30231125
537,2014-04-08,594,113,4,-83.0,793.0,610.3298025
538,2014-04-09,595,113,4,-83.0,792.0,611.3572937499999
539,2014-04-10,596,114,4,-82.0,791.0,612.384785
540,2014-04-11,597,114,4,-84.0,790.0,613.41227625
542,2014-04-12,598,115,4,-84.0,787.0,614.4397675
543,2014-04-13,599,115,4,-84.0,788.0,615.4672587499999
541,2014-04-14,600,116,4,-81.0,787.0,616.49475
544,2014-04-15,601,116,4,-82.0,785.0,617.52224125
545,2014-04-16,602,117,4,-82.0,784.0,618.5497325
548,2014-04-17,603,117,4,-83.0,783.0,619.57722375
546,2014-04-18,604,118,4,-84.0,782.0,620.6047149999999
547,2014-04-19,605,118,4,-83.0,781.0,621.63220625
549,2014-04-20,606,118,4,-84.0,780.0,622.6596975
550,2014-04-21,607,119,4,-83.0,779.0,623.68718875
551,2014-04-22,608,119,4,-85.0,777.0,624.7146799999999
552,2014-04-23,609,120,5,-84.0,777.0,625.74217125
554,2014-04-24,610,120,5,-85.0,776.0,626.7696625
555,2014-04-25,611,121,5,-84.0,775.0,627.79715375
553,2014-04-26,612,121,5,-85.0,774.0,628.824645
556,2014-04-27,613,122,5,-84.0,773.0,629.85213625
557,2014-04-28,614,122,5,-82.0,772.0,630.8796275
558,2014-04-29,615,123,5,-83.0,771.0,631.90711875
559,2014-05-01,616,123,5,-82.0,769.0,632.93461
561,2014-05-02,617,124,5,-84.0,769.0,633.9621012499999
562,2014-05-03,618,124,5,-83.0,769.0,634.9895925
560,2014-05-04,619,125,5,-82.0,766.0,636.01708375
563,2014-05-05,620,125,5,-83.0,765.0,637.044575
564,2014-05-06,621,126,5,-82.0,765.0,638.07206625
565,2014-05-07,622,126,5,-84.0,763.0,639.0995575
566,2014-05-08,623,127,5,-83.0,763.0,640.12704875
568,2014-05-09,624,127,5,-82.0,762.0,641.15454
569,2014-05-10,625,128,5,-81.0,761.0,642.18203125
567,2014-05-11,626,128,5,-82.0,760.0,643.2095224999999
570,2014-05-12,627,129,5,-82.0,759.0,644.23701375
571,2014-05-13,628,129,5,-81.0,759.0,645.264505
572,2014-05-14,629,130,5,-84.0,759.0,646.29199625
573,2014-05-15,630,130,5,-82.0,757.0,647.3194874999999
576,2014-05-16,631,131,5,-81.0,756.0,648.34697875
575,2014-05-17,632,131,5,-79.0,755.0,649.37447
574,2014-05-18,633,132,5,-81.0,754.0,650.40196125
577,2014-05-19,634,132,5,-82.0,753.0,651.4294525
578,2014-05-20,635,133,5,-82.0,754.0,652.4569437499999
582,2014-05-21,636,133,5,-81.0,752.0,653.484435
580,2014-05-22,637,134,5,-80.0,752.0,654.51192625
579,2014-05-23,638,134,5,-80.0,751.0,655.5394175
581,2014-05-24,639,135,5,-80.0,750.0,656.5669087499999
583,2014-05-25,640,135,5,-81.0,750.0,657.5944
584,2014-05-26,641,136,5,-81.0,749.0,658.62189125
585,2014-05-27,642,136,5,-80.0,749.0,659.6493825
586,2014-05-28,643,137,5,-80.0,748.0,660.67687375
588,2014-05-29,644,137,5,-80.0,748.0,661.7043649999999
589,2014-05-30,645,138,5,-81.0,746.0,662.73185625
587,2014-05-31,646,138,5,-81.0,746.0,663.7593475
590,2014-06-01,647,139,5,-79.0,746.0,664.78683875
591,2014-06-02,648,139,5,-80.0,746.0,665.8143299999999
592,2014-06-03,649,140,5,-79.0,745.0,666.84182125
593,2014-06-04,650,140,5,-80.0,743.0,667.8693125
595,2014-06-05,651,141,5,-80.0,743.0,668.89680375
594,2014-06-07,652,141,5,-79.0,745.0,669.924295
596,2014-06-08,653,142,5,-80.0,744.0,670.9517862499999
597,2014-06-09,654,142,5,-79.0,742.0,671.9792775
598,2014-06-10,655,143,5,-77.0,741.0,673.00676875
599,2014-06-11,656,143,5,-80.0,740.0,674.03426
600,2014-06-12,657,144,5,-79.0,739.0,675.0617512499999
602,2014-06-13,658,144,5,-79.0,739.0,676.0892425
603,2014-06-14,659,145,5,-77.0,738.0,677.11673375
601,2014-06-15,660,145,5,-78.0,735.0,678.144225
604,2014-06-16,661,146,5,-76.0,735.0,679.17171625
605,2014-06-17,662,146,5,-77.0,735.0,680.1992074999999
609,2014-06-18,663,147,5,-77.0,734.0,681.22669875
607,2014-06-19,664,147,5,-78.0,732.0,682.25419
610,2014-06-20,665,148,5,-78.0,735.0,683.28168125
608,2014-06-21,666,148,5,-77.0,736.0,684.3091724999999
606,2014-06-22,667,149,5,-76.0,736.0,685.33666375
611,2014-06-23,668,150,6,-75.0,734.0,686.364155
613,2014-06-24,669,150,6,-84.0,735.0,687.39164625
612,2014-06-25,670,151,6,-79.0,737.0,688.4191375
614,2014-06-26,671,151,6,-79.0,740.0,689.44662875
615,2014-06-27,672,152,6,-78.0,739.0,690.47412
616,2014-06-28,673,152,6,-78.0,738.0,691.50161125
617,2014-06-29,674,153,6,-80.0,739.0,692.5291025
618,2014-06-30,675,153,6,-80.0,740.0,693.5565937499999
619,2014-07-01,676,154,6,-80.0,738.0,694.584085
622,2014-07-02,677,154,6,-78.0,737.0,695.61157625
621,2014-07-03,678,155,6,-77.0,739.0,696.6390675
624,2014-07-04,679,155,6,-77.0,738.0,697.6665587499999
620,2014-07-05,680,156,6,-76.0,740.0,698.69405
623,2014-07-06,681,156,6,-79.0,738.0,699.72154125
625,2014-07-07,682,157,6,-77.0,739.0,700.7490325
626,2014-07-08,683,158,6,-79.0,741.0,701.77652375
627,2014-07-09,684,158,6,-75.0,741.0,702.8040149999999
628,2014-07-10,685,159,6,-77.0,740.0,703.83150625
629,2014-07-11,686,159,6,-76.0,738.0,704.8589975
630,2014-07-12,687,160,6,-77.0,739.0,705.88648875
631,2014-07-14,688,160,6,-77.0,741.0,706.9139799999999
632,2014-07-15,689,161,6,-76.0,742.0,707.94147125
633,2014-07-16,690,161,6,-77.0,741.0,708.9689625
634,2014-07-17,691,162,6,-76.0,741.0,709.99645375
637,2014-07-18,692,162,6,-76.0,742.0,711.023945
636,2014-07-19,693,163,6,-76.0,741.0,712.0514362499999
635,2014-07-20,694,164,6,-75.0,740.0,713.0789275
638,2014-07-21,695,164,6,-76.0,741.0,714.10641875
639,2014-07-22,696,165,6,-75.0,743.0,715.13391
640,2014-07-23,697,165,6,-74.0,743.0,716.1614012499999
641,2014-07-24,698,166,6,-77.0,743.0,717.1888925
642,2014-07-25,699,166,6,-76.0,744.0,718.21638375
643,2014-07-26,700,167,6,-75.0,745.0,719.243875
644,2014-07-27,701,167,6,-77.0,745.0,720.27136625
645,2014-07-28,702,168,6,-76.0,745.0,721.2988574999999
646,2014-07-29,703,169,6,-75.0,747.0,722.32634875
647,2014-07-30,704,169,6,-75.0,747.0,723.35384
648,2014-07-31,705,170,6,-76.0,746.0,724.38133125
650,2014-08-01,706,170,6,-76.0,748.0,725.4088224999999
651,2014-08-02,707,171,6,-76.0,749.0,726.43631375
649,2014-08-03,708,171,6,-76.0,749.0,727.463805
652,2014-08-04,709,172,6,-73.0,750.0,728.49129625
653,2014-08-05,710,172,6,-77.0,751.0,729.5187875
654,2014-08-06,711,173,6,-75.0,751.0,730.5462787499999
658,2014-08-07,712,174,6,-77.0,752.0,731.57377
656,2014-08-08,713,174,6,-76.0,754.0,732.60126125
655,2014-08-09,714,175,6,-76.0,754.0,733.6287525
657,2014-08-10,715,175,6,-73.0,755.0,734.6562437499999
659,2014-08-11,716,176,6,-75.0,755.0,735.683735
661,2014-08-12,717,176,6,-76.0,756.0,736.71122625
660,2014-08-13,718,177,6,-77.0,757.0,737.7387175
662,2014-08-14,719,178,6,-77.0,758.0,738.76620875
663,2014-08-15,720,178,6,-74.0,760.0,739.7937
664,2014-08-16,721,179,6,-73.0,761.0,740.82119125
665,2014-08-17,722,179,6,-74.0,760.0,741.8486825
666,2014-08-18,723,180,7,-73.0,761.0,742.87617375
667,2014-08-19,724,181,7,-74.0,763.0,743.9036649999999
669,2014-08-21,725,181,7,-73.0,764.0,744.93115625
668,2014-08-22,726,182,7,-75.0,766.0,745.9586475
671,2014-08-23,727,182,7,-76.0,766.0,746.98613875
670,2014-08-24,728,183,7,-74.0,766.0,748.0136299999999
672,2014-08-25,729,183,7,-75.0,768.0,749.04112125
676,2014-08-26,730,184,7,-76.0,770.0,750.0686125
673,2014-08-27,731,185,7,-75.0,771.0,751.09610375
677,2014-08-28,732,185,7,-75.0,773.0,752.123595
674,2014-08-29,733,186,7,-74.0,773.0,753.1510862499999
675,2014-08-30,734,186,7,-73.0,776.0,754.1785775
678,2014-08-31,735,187,7,-73.0,776.0,755.20606875
679,2014-09-01,736,188,7,-76.0,776.0,756.23356
680,2014-09-02,737,188,7,-74.0,777.0,757.2610512499999
681,2014-09-03,738,189,7,-75.0,778.0,758.2885425
682,2014-09-04,739,189,7,-77.0,779.0,759.31603375
685,2014-09-05,740,190,7,-76.0,782.0,760.343525
683,2014-09-06,741,191,7,-70.0,784.0,761.37101625
684,2014-09-07,742,191,7,-72.0,784.0,762.3985074999999
686,2014-09-08,743,192,7,-72.0,786.0,763.42599875
687,2014-09-09,744,192,7,-75.0,786.0,764.45349
689,2014-09-10,745,193,7,-74.0,787.0,765.48098125
688,2014-09-11,746,194,7,-76.0,788.0,766.5084724999999
691,2014-09-12,747,194,7,-73.0,789.0,767.53596375
690,2014-09-13,748,195,7,-71.0,791.0,768.563455
692,2014-09-14,749,195,7,-73.0,794.0,769.59094625
693,2014-09-15,750,196,7,-72.0,796.0,770.6184375
695,2014-09-16,751,197,7,-72.0,797.0,771.6459287499999
694,2014-09-17,752,197,7,-71.0,798.0,772.67342
698,2014-09-18,753,198,7,-73.0,800.0,773.70091125
696,2014-09-19,754,198,7,-73.0,802.0,774.7284025
697,2014-09-20,755,199,7,-74.0,806.0,775.7558937499999
699,2014-09-21,756,200,7,-73.0,806.0,776.783385
700,2014-09-22,757,200,7,-73.0,807.0,777.81087625
701,2014-09-23,758,201,7,-71.0,810.0,778.8383675
702,2014-09-24,759,201,7,-77.0,809.0,779.86585875
704,2014-09-25,760,202,7,-70.0,810.0,780.8933499999999
705,2014-09-27,761,203,7,-72.0,814.0,781.92084125
703,2014-09-28,762,203,7,-75.0,814.0,782.9483325
706,2014-09-29,763,204,7,-78.0,817.0,783.97582375
707,2014-09-30,764,205,7,-73.0,821.0,785.0033149999999
708,2014-10-01,765,205,7,-73.0,820.0,786.03080625
709,2014-10-02,766,206,7,-70.0,824.0,787.0582975
710,2014-10-03,767,206,7,-71.0,824.0,788.08578875
712,2014-10-04,768,207,7,-73.0,826.0,789.11328
711,2014-10-05,769,208,7,-73.0,829.0,790.14077125
713,2014-10-06,770,208,7,-70.0,829.0,791.1682625
714,2014-10-07,771,209,7,-71.0,836.0,792.19575375
715,2014-10-08,772,210,8,-71.0,835.0,793.223245
716,2014-10-09,773,210,8,-70.0,838.0,794.2507362499999
719,2014-10-10,774,211,8,-73.0,838.0,795.2782275
717,2014-10-11,775,211,8,-71.0,838.0,796.30571875
718,2014-10-12,776,212,8,-72.0,841.0,797.33321
720,2014-10-13,777,213,8,-72.0,841.0,798.3607012499999
721,2014-10-14,778,213,8,-70.0,846.0,799.3881925
722,2014-10-15,779,214,8,-71.0,845.0,800.41568375
723,2014-10-16,780,215,8,-72.0,852.0,801.443175
725,2014-10-17,781,215,8,-74.0,849.0,802.47066625
724,2014-10-18,782,216,8,-71.0,854.0,803.4981574999999
727,2014-10-19,783,216,8,-69.0,853.0,804.52564875
726,2014-10-20,784,217,8,-69.0,857.0,805.55314
728,2014-10-21,785,218,8,-74.0,858.0,806.58063125
729,2014-10-22,786,218,8,-74.0,861.0,807.6081224999999
732,2014-10-23,787,219,8,-73.0,860.0,808.63561375
731,2014-10-24,788,220,8,-68.0,862.0,809.663105
730,2014-10-25,789,220,8,-68.0,862.0,810.69059625
733,2014-10-26,790,221,8,-68.0,864.0,811.7180875
734,2014-10-27,791,222,8,-70.0,867.0,812.7455787499999
735,2014-10-28,792,222,8,-71.0,873.0,813.77307
736,2014-10-29,793,223,8,-71.0,877.0,814.80056125
739,2014-10-30,794,223,8,-68.0,874.0,815.8280525
738,2014-10-31,795,224,8,-68.0,875.0,816.8555437499999
737,2014-11-01,796,225,8,-65.0,877.0,817.883035
740,2014-11-03,797,225,8,-65.0,879.0,818.91052625
741,2014-11-04,798,226,8,-67.0,883.0,819.9380175
743,2014-11-05,799,227,8,-70.0,884.0,820.96550875
742,2014-11-06,800,227,8,-67.0,884.0,821.9929999999999
746,2014-11-07,801,228,8,-70.0,884.0,823.02049125
745,2014-11-08,802,229,8,-69.0,887.0,824.0479825
744,2014-11-09,803,229,8,-69.0,888.0,825.07547375
747,2014-11-10,804,230,8,-73.0,891.0,826.1029649999999
748,2014-11-11,805,231,8,-70.0,893.0,827.13045625
750,2014-11-12,806,231,8,-69.0,893.0,828.1579475
749,2014-11-13,807,232,8,-71.0,892.0,829.18543875
752,2014-11-14,808,232,8,-67.0,893.0,830.21293
753,2014-11-15,809,233,8,-70.0,895.0,831.2404212499999
751,2014-11-16,810,234,8,-69.0,897.0,832.2679125
754,2014-11-17,811,234,8,-71.0,900.0,833.29540375
755,2014-11-18,812,235,8,-75.0,902.0,834.322895
756,2014-11-19,813,236,8,-67.0,904.0,835.3503862499999
757,2014-11-20,814,236,8,-68.0,902.0,836.3778775
759,2014-11-21,815,237,8,-69.0,905.0,837.40536875
758,2014-11-22,816,238,8,-74.0,909.0,838.43286
761,2014-11-23,817,238,8,-69.0,913.0,839.4603512499999
760,2014-11-24,818,239,8,-68.0,914.0,840.4878424999999
763,2014-11-25,819,240,9,-71.0,913.0,841.51533375
765,2014-11-26,820,240,9,-68.0,910.0,842.542825
762,2014-11-27,821,241,9,-68.0,910.0,843.57031625
764,2014-11-28,822,242,9,-71.0,911.0,844.5978074999999
766,2014-11-29,823,242,9,-69.0,912.0,845.62529875
768,2014-11-30,824,243,9,-67.0,914.0,846.65279
767,2014-12-01,825,243,9,-67.0,914.0,847.68028125
770,2014-12-02,826,244,9,-68.0,914.0,848.7077724999999
769,2014-12-03,827,245,9,-68.0,911.0,849.73526375
771,2014-12-04,828,245,9,-71.0,914.0,850.762755
773,2014-12-05,829,246,9,-71.0,914.0,851.79024625
772,2014-12-06,830,247,9,-68.0,918.0,852.8177375
774,2014-12-07,831,247,9,-68.0,920.0,853.8452287499999
775,2014-12-08,832,248,9,-68.0,924.0,854.87272
776,2014-12-09,833,249,9,-69.0,923.0,855.90021125
777,2014-12-11,834,249,9,-68.0,918.0,856.9277025
780,2014-12-12,835,250,9,-69.0,917.0,857.9551937499999
778,2014-12-13,836,251,9,-69.0,916.0,858.982685
779,2014-12-14,837,251,9,-69.0,916.0,860.01017625
782,2014-12-15,838,252,9,-69.0,917.0,861.0376675
781,2014-12-16,839,253,9,-70.0,917.0,862.06515875
783,2014-12-17,840,253,9,-74.0,913.0,863.0926499999999
784,2014-12-18,841,254,9,-75.0,914.0,864.12014125
790,2014-12-19,842,255,9,-69.0,914.0,865.1476325
793,2014-12-20,843,255,9,-69.0,916.0,866.17512375
788,2014-12-21,844,256,9,-68.0,917.0,867.2026149999999
786,2014-12-22,845,257,9,-73.0,920.0,868.23010625
785,2014-12-23,846,257,9,-74.0,925.0,869.2575975
791,2014-12-24,847,258,9,-69.0,918.0,870.28508875
792,2014-12-25,848,258,9,-69.0,918.0,871.31258
787,2014-12-26,849,259,9,-69.0,918.0,872.3400712499999
789,2014-12-27,850,260,9,-68.0,918.0,873.3675625
794,2014-12-28,851,260,9,-68.0,919.0,874.39505375
797,2014-12-29,852,261,9,-73.0,916.0,875.422545
796,2014-12-30,853,262,9,-67.0,913.0,876.4500362499999
798,2014-12-31,854,262,9,-66.0,910.0,877.4775275
799,2015-01-01,855,263,9,-69.0,912.0,878.50501875
795,2015-01-02,856,264,9,-68.0,912.0,879.53251
801,2015-01-03,857,264,9,-76.0,911.0,880.56000125
800,2015-01-04,858,265,9,-73.0,913.0,881.5874924999999
802,2015-01-05,859,266,9,-72.0,915.0,882.61498375
803,2015-01-06,860,266,9,-69.0,916.0,883.642475
804,2015-01-07,861,267,9,-70.0,917.0,884.66996625
807,2015-01-08,862,268,9,-70.0,917.0,885.6974574999999
805,2015-01-09,863,268,9,-72.0,916.0,886.72494875
806,2015-01-10,864,269,9,-70.0,914.0,887.75244
808,2015-01-11,865,270,10,-70.0,913.0,888.77993125
809,2015-01-12,866,270,10,-71.0,911.0,889.8074224999999
810,2015-01-13,867,271,10,-71.0,910.0,890.8349137499999
811,2015-01-14,868,271,10,-71.0,908.0,891.862405
812,2015-01-15,869,272,10,-72.0,906.0,892.88989625
813,2015-01-17,870,273,10,-74.0,909.0,893.9173875
814,2015-01-18,871,273,10,-70.0,903.0,894.9448787499999
815,2015-01-19,872,274,10,-72.0,902.0,895.97237
817,2015-01-28,881,280,10,-73.0,899.0,905.21979125
818,2015-01-29,882,280,10,-76.0,901.0,906.2472825
820,2015-01-30,883,281,10,-74.0,897.0,907.27477375
821,2015-01-31,884,282,10,-71.0,897.0,908.3022649999999
819,2015-02-01,885,282,10,-71.0,895.0,909.32975625
823,2015-02-02,886,283,10,-73.0,894.0,910.3572475
822,2015-02-03,887,284,10,-73.0,897.0,911.38473875
824,2015-02-04,888,284,10,-70.0,896.0,912.41223
825,2015-02-05,889,285,10,-70.0,895.0,913.4397212499999
826,2015-02-06,890,286,10,-72.0,892.0,914.4672125
827,2015-02-07,891,286,10,-72.0,892.0,915.49470375
828,2015-02-08,892,287,10,-71.0,892.0,916.522195
829,2015-02-09,893,287,10,-72.0,890.0,917.5496862499999
830,2015-02-10,894,288,10,-75.0,891.0,918.5771775
831,2015-02-11,895,289,10,-72.0,889.0,919.60466875
833,2015-02-12,896,289,10,-70.0,888.0,920.63216
832,2015-02-13,897,290,10,-72.0,884.0,921.65965125
834,2015-02-14,898,291,10,-72.0,883.0,922.6871424999999
835,2015-02-15,899,291,10,-75.0,881.0,923.71463375
836,2015-02-16,900,292,10,-70.0,883.0,924.742125
837,2015-02-17,901,292,10,-71.0,885.0,925.76961625
838,2015-02-18,902,293,10,-68.0,883.0,926.7971074999999
839,2015-02-19,903,294,10,-71.0,882.0,927.82459875
841,2015-02-20,904,294,10,-71.0,878.0,928.85209
840,2015-02-21,905,295,10,-71.0,880.0,929.87958125
843,2015-02-22,906,296,10,-76.0,878.0,930.9070725
842,2015-02-24,907,296,10,-75.0,879.0,931.9345637499999
844,2015-02-25,908,297,10,-71.0,883.0,932.962055
845,2015-02-26,909,297,10,-70.0,878.0,933.98954625
847,2015-02-27,910,298,10,-73.0,878.0,935.0170375
846,2015-02-28,911,299,10,-70.0,874.0,936.0445287499999
849,2015-03-01,912,299,10,-75.0,875.0,937.07202
848,2015-03-02,913,300,11,-71.0,871.0,938.09951125
850,2015-03-03,914,300,11,-71.0,874.0,939.1270025
851,2015-03-04,915,301,11,-71.0,878.0,940.1544937499999
852,2015-03-05,916,302,11,-71.0,872.0,941.1819849999999
854,2015-03-06,917,302,11,-76.0,871.0,942.20947625
853,2015-03-07,918,303,11,-71.0,867.0,943.2369675
855,2015-03-08,919,304,11,-74.0,870.0,944.26445875
856,2015-03-09,920,304,11,-72.0,868.0,945.2919499999999
857,2015-03-10,921,305,11,-70.0,867.0,946.31944125
858,2015-03-11,922,305,11,-73.0,870.0,947.3469325
859,2015-03-12,923,306,11,-72.0,867.0,948.37442375
861,2015-03-13,924,307,11,-74.0,867.0,949.4019149999999
860,2015-03-14,925,307,11,-71.0,862.0,950.4294062499999
862,2015-03-15,926,308,11,-76.0,864.0,951.4568975
863,2015-03-16,927,308,11,-76.0,862.0,952.48438875
864,2015-03-17,928,309,11,-72.0,862.0,953.51188
865,2015-03-18,929,310,11,-75.0,866.0,954.5393712499999
868,2015-03-19,930,310,11,-75.0,865.0,955.5668625
867,2015-03-20,931,311,11,-69.0,864.0,956.59435375
866,2015-03-21,932,311,11,-71.0,859.0,957.621845
869,2015-03-22,933,312,11,-71.0,863.0,958.6493362499999
870,2015-03-23,934,313,11,-73.0,858.0,959.6768275
872,2015-03-24,935,313,11,-75.0,862.0,960.70431875
871,2015-03-25,936,314,11,-72.0,865.0,961.73181
874,2015-03-26,937,314,11,-73.0,863.0,962.75930125
876,2015-03-29,940,316,11,-73.0,861.0,965.841775
875,2015-03-30,941,317,11,-74.0,857.0,966.86926625
880,2015-03-31,942,317,11,-74.0,857.0,967.8967574999999
877,2015-04-02,943,318,11,-73.0,854.0,968.92424875
878,2015-04-03,944,318,11,-70.0,852.0,969.95174
881,2015-04-04,945,319,11,-72.0,851.0,970.97923125
879,2015-04-05,946,320,11,-77.0,850.0,972.0067225
882,2015-04-06,947,320,11,-70.0,853.0,973.0342137499999
883,2015-04-07,948,321,11,-73.0,854.0,974.061705
884,2015-04-08,949,321,11,-72.0,851.0,975.08919625
885,2015-04-09,950,322,11,-73.0,850.0,976.1166875
888,2015-04-10,951,323,11,-75.0,849.0,977.1441787499999
886,2015-04-11,952,323,11,-69.0,847.0,978.17167
887,2015-04-12,953,324,11,-71.0,847.0,979.19916125
889,2015-04-13,954,324,11,-73.0,847.0,980.2266525
892,2015-04-17,958,327,11,-74.0,848.0,984.3366175
891,2015-04-18,959,327,11,-78.0,846.0,985.36410875
893,2015-04-19,960,328,11,-76.0,846.0,986.3915999999999
895,2015-04-20,961,328,11,-71.0,849.0,987.41909125
894,2015-04-21,962,329,11,-73.0,845.0,988.4465825
896,2015-04-22,963,329,11,-71.0,850.0,989.47407375
897,2015-04-23,964,330,12,-72.0,847.0,990.5015649999999
898,2015-04-24,965,331,12,-75.0,847.0,991.5290562499999
900,2015-04-25,966,331,12,-73.0,850.0,992.5565475
899,2015-04-26,967,332,12,-74.0,844.0,993.58403875
901,2015-04-27,968,332,12,-71.0,848.0,994.61153
902,2015-04-28,969,333,12,-72.0,844.0,995.6390212499999
903,2015-04-29,970,333,12,-71.0,849.0,996.6665125
906,2015-04-30,971,334,12,-71.0,848.0,997.69400375
904,2015-05-01,972,334,12,-73.0,847.0,998.721495
905,2015-05-02,973,335,12,-72.0,844.0,999.7489862499999
907,2015-05-03,974,336,12,-73.0,842.0,1000.7764774999999
908,2015-05-04,975,336,12,-73.0,843.0,1001.80396875
909,2015-05-05,976,337,12,-75.0,842.0,1002.83146
910,2015-05-06,977,337,12,-75.0,841.0,1003.85895125
913,2015-05-07,978,338,12,-73.0,842.0,1004.8864424999999
912,2015-05-09,979,338,12,-79.0,841.0,1005.91393375
911,2015-05-10,980,339,12,-73.0,840.0,1006.941425
914,2015-05-11,981,339,12,-73.0,841.0,1007.96891625
917,2015-05-12,982,340,12,-74.0,840.0,1008.9964074999999
916,2015-05-13,983,340,12,-76.0,840.0,1010.02389875
915,2015-05-14,984,341,12,-74.0,840.0,1011.05139
918,2015-05-15,985,342,12,-78.0,840.0,1012.07888125
919,2015-05-16,986,342,12,-74.0,840.0,1013.1063725
920,2015-05-17,987,343,12,-74.0,839.0,1014.1338637499999
922,2015-05-18,988,343,12,-75.0,840.0,1015.161355
921,2015-05-19,989,344,12,-74.0,841.0,1016.18884625
923,2015-05-20,990,344,12,-76.0,839.0,1017.2163375
926,2015-05-21,991,345,12,-73.0,840.0,1018.2438287499999
924,2015-05-22,992,345,12,-73.0,842.0,1019.27132
927,2015-05-23,993,346,12,-73.0,840.0,1020.29881125
925,2015-05-24,994,346,12,-79.0,842.0,1021.3263025
929,2015-05-25,995,347,12,-74.0,842.0,1022.35379375
928,2015-05-26,996,348,12,-72.0,842.0,1023.3812849999999
930,2015-05-27,997,348,12,-74.0,843.0,1024.40877625
931,2015-05-28,998,349,12,-73.0,842.0,1025.4362675
932,2015-05-30,1000,350,12,-74.0,841.0,1027.49125
933,2015-05-31,1001,350,12,-79.0,843.0,1028.51874125
936,2015-06-01,1002,351,12,-77.0,844.0,1029.5462324999999
934,2015-06-02,1003,351,12,-74.0,843.0,1030.57372375
935,2015-06-03,1004,352,12,-74.0,842.0,1031.601215
939,2015-06-04,1005,352,12,-75.0,843.0,1032.62870625
941,2015-06-05,1006,353,12,-78.0,844.0,1033.6561975
937,2015-06-06,1007,353,12,-79.0,845.0,1034.6836887499999
940,2015-06-07,1008,354,12,-79.0,844.0,1035.71118
946,2015-06-08,1009,354,12,-75.0,845.0,1036.73867125
947,2015-06-09,1010,355,12,-74.0,846.0,1037.7661625
948,2015-06-10,1011,355,12,-78.0,845.0,1038.79365375
949,2015-06-11,1012,356,12,-81.0,846.0,1039.821145
953,2015-06-12,1013,356,12,-80.0,846.0,1040.84863625
950,2015-06-13,1014,357,12,-77.0,846.0,1041.8761275
951,2015-06-14,1015,357,12,-75.0,847.0,1042.90361875
952,2015-06-16,1016,358,12,-76.0,847.0,1043.93111
955,2015-06-17,1017,359,12,-78.0,850.0,1044.95860125
956,2015-06-18,1018,359,12,-79.0,850.0,1045.9860925
954,2015-06-19,1019,0,1,-81.0,849.0,1047.01358375
938,2015-06-20,1020,0,1,-63.0,832.0,1048.0410749999999
942,2015-06-21,1021,1,1,-76.0,850.0,1049.06856625
944,2015-06-22,1022,1,1,-75.0,852.0,1050.0960575
943,2015-06-23,1023,2,1,-76.0,851.0,1051.12354875
945,2015-06-24,1024,2,1,-76.0,851.0,1052.15104
958,2015-06-25,1025,3,1,-74.0,851.0,1053.1785312499999
957,2015-06-26,1026,3,1,-78.0,851.0,1054.2060225
960,2015-06-28,1028,4,1,-75.0,853.0,1056.261005
959,2015-06-29,1029,5,1,-75.0,856.0,1057.28849625
961,2015-06-30,1030,5,1,-77.0,855.0,1058.3159875
963,2015-07-01,1031,6,1,-76.0,854.0,1059.34347875
962,2015-07-02,1032,6,1,-74.0,854.0,1060.37097
965,2015-07-03,1033,7,1,-77.0,856.0,1061.3984612499999
964,2015-07-04,1034,7,1,-76.0,859.0,1062.4259525
966,2015-07-05,1035,8,1,-77.0,857.0,1063.45344375
967,2015-07-06,1036,8,1,-76.0,856.0,1064.480935
968,2015-07-07,1037,9,1,-80.0,856.0,1065.50842625
969,2015-07-08,1038,9,1,-76.0,858.0,1066.5359174999999
970,2015-07-09,1039,10,1,-77.0,857.0,1067.56340875
972,2015-07-10,1040,10,1,-77.0,858.0,1068.5909
971,2015-07-11,1041,11,1,-77.0,859.0,1069.61839125
973,2015-07-12,1042,11,1,-76.0,859.0,1070.6458825
974,2015-07-13,1043,12,1,-77.0,860.0,1071.6733737499999
975,2015-07-14,1044,12,1,-79.0,860.0,1072.700865
978,2015-07-15,1045,13,1,-80.0,861.0,1073.72835625
979,2015-07-16,1046,13,1,-77.0,862.0,1074.7558475
977,2015-07-17,1047,14,1,-77.0,863.0,1075.78333875
976,2015-07-18,1048,14,1,-78.0,864.0,1076.81083
980,2015-07-19,1049,15,1,-75.0,864.0,1077.83832125
981,2015-07-20,1050,15,1,-76.0,863.0,1078.8658125
983,2015-07-21,1051,16,1,-76.0,864.0,1079.8933037499999
982,2015-07-23,1052,16,1,-78.0,865.0,1080.920795
984,2015-07-24,1053,17,1,-79.0,865.0,1081.94828625
985,2015-07-25,1054,17,1,-77.0,867.0,1082.9757775
987,2015-07-26,1055,17,1,-77.0,868.0,1084.00326875
986,2015-07-27,1056,18,1,-76.0,868.0,1085.0307599999999
988,2015-07-28,1057,18,1,-78.0,867.0,1086.05825125
989,2015-07-29,1058,19,1,-78.0,868.0,1087.0857425
990,2015-07-30,1059,19,1,-78.0,870.0,1088.11323375
992,2015-07-31,1060,20,1,-78.0,870.0,1089.140725
993,2015-08-01,1061,20,1,-77.0,871.0,1090.16821625
991,2015-08-02,1062,21,1,-77.0,871.0,1091.1957075
994,2015-08-03,1063,21,1,-79.0,871.0,1092.22319875
996,2015-08-04,1064,22,1,-77.0,871.0,1093.25069
995,2015-08-05,1065,22,1,-78.0,873.0,1094.27818125
997,2015-08-06,1066,23,1,-78.0,875.0,1095.3056725
998,2015-08-07,1067,23,1,-79.0,875.0,1096.33316375
1000,2015-08-08,1068,24,1,-76.0,874.0,1097.360655
999,2015-08-09,1069,24,1,-77.0,876.0,1098.3881462499999
1001,2015-08-10,1070,25,1,-80.0,877.0,1099.4156375
1002,2015-08-11,1071,25,1,-78.0,878.0,1100.44312875
1003,2015-08-12,1072,26,1,-78.0,879.0,1101.47062
1004,2015-08-13,1073,26,1,-82.0,879.0,1102.49811125
1005,2015-08-14,1074,27,1,-77.0,878.0,1103.5256024999999
1006,2015-08-15,1075,27,1,-77.0,879.0,1104.55309375
1007,2015-08-16,1076,28,1,-81.0,880.0,1105.580585
1008,2015-08-17,1077,28,1,-79.0,880.0,1106.60807625
1009,2015-08-18,1078,29,1,-80.0,881.0,1107.6355675
1010,2015-08-19,1079,29,1,-80.0,882.0,1108.66305875
1013,2015-08-20,1080,29,1,-77.0,882.0,1109.69055
1011,2015-08-21,1081,30,2,-77.0,882.0,1110.71804125
1012,2015-08-22,1082,30,2,-79.0,882.0,1111.7455324999999
1014,2015-08-23,1083,31,2,-80.0,883.0,1112.77302375
1015,2015-08-24,1084,31,2,-78.0,885.0,1113.800515
1017,2015-08-25,1085,32,2,-79.0,886.0,1114.82800625
1016,2015-08-26,1086,32,2,-77.0,885.0,1115.8554975
1019,2015-08-27,1087,33,2,-78.0,885.0,1116.8829887499999
1020,2015-08-29,1088,33,2,-77.0,885.0,1117.91048
1018,2015-08-30,1089,34,2,-76.0,885.0,1118.93797125
1021,2015-08-31,1090,34,2,-78.0,886.0,1119.9654625
1022,2015-09-01,1091,35,2,-77.0,886.0,1120.99295375
1023,2015-09-02,1092,35,2,-79.0,886.0,1122.0204449999999
1024,2015-09-03,1093,36,2,-77.0,887.0,1123.04793625
1026,2015-09-04,1094,36,2,-80.0,888.0,1124.0754275
1027,2015-09-05,1095,36,2,-79.0,888.0,1125.10291875
1025,2015-09-06,1096,37,2,-79.0,888.0,1126.13041
1028,2015-09-07,1097,37,2,-78.0,889.0,1127.15790125
1029,2015-09-08,1098,38,2,-77.0,890.0,1128.1853925
1030,2015-09-09,1099,38,2,-78.0,891.0,1129.21288375
1031,2015-09-10,1100,39,2,-79.0,890.0,1130.2403749999999
1034,2015-09-11,1101,39,2,-80.0,891.0,1131.26786625
1032,2015-09-12,1102,40,2,-84.0,892.0,1132.2953575
1033,2015-09-13,1103,40,2,-81.0,893.0,1133.32284875
1035,2015-09-14,1104,41,2,-79.0,893.0,1134.35034
1036,2015-09-15,1105,41,2,-78.0,892.0,1135.3778312499999
1037,2015-09-16,1106,42,2,-82.0,893.0,1136.4053225
1040,2015-09-17,1107,42,2,-79.0,893.0,1137.43281375
1038,2015-09-18,1108,42,2,-78.0,895.0,1138.460305
1039,2015-09-19,1109,43,2,-82.0,895.0,1139.48779625
1041,2015-09-20,1110,43,2,-81.0,895.0,1140.5152874999999
1042,2015-09-21,1111,44,2,-79.0,896.0,1141.54277875
1043,2015-09-22,1112,44,2,-80.0,895.0,1142.57027
1044,2015-09-23,1113,45,2,-79.0,895.0,1143.59776125
1045,2015-09-24,1114,45,2,-79.0,896.0,1144.6252525
1047,2015-09-25,1115,46,2,-80.0,897.0,1145.65274375
1046,2015-09-26,1116,46,2,-79.0,898.0,1146.680235
1048,2015-09-27,1117,47,2,-79.0,898.0,1147.70772625
1049,2015-09-28,1118,47,2,-80.0,898.0,1148.7352174999999
1050,2015-09-29,1119,48,2,-81.0,899.0,1149.76270875
1051,2015-09-30,1120,48,2,-80.0,900.0,1150.7902
1052,2015-10-01,1121,48,2,-81.0,901.0,1151.81769125
1053,2015-10-02,1122,49,2,-79.0,901.0,1152.8451825
1054,2015-10-03,1123,49,2,-79.0,900.0,1153.8726737499999
1055,2015-10-04,1124,50,2,-80.0,900.0,1154.900165
1056,2015-10-06,1125,50,2,-79.0,900.0,1155.92765625
1057,2015-10-07,1126,51,2,-79.0,901.0,1156.9551475
1058,2015-10-08,1127,51,2,-80.0,901.0,1157.98263875
1059,2015-10-09,1128,52,2,-79.0,902.0,1159.01013
1060,2015-10-10,1129,52,2,-80.0,902.0,1160.03762125
1061,2015-10-11,1130,53,2,-81.0,902.0,1161.0651125
1062,2015-10-12,1131,53,2,-81.0,902.0,1162.0926037499999
1063,2015-10-13,1132,53,2,-82.0,902.0,1163.120095
1064,2015-10-14,1133,54,2,-82.0,902.0,1164.14758625
1065,2015-10-15,1134,54,2,-80.0,902.0,1165.1750775
1069,2015-10-16,1135,55,2,-81.0,901.0,1166.20256875
1066,2015-10-17,1136,55,2,-82.0,901.0,1167.2300599999999
1068,2015-10-18,1137,56,2,-81.0,901.0,1168.25755125
1067,2015-10-19,1138,56,2,-82.0,901.0,1169.2850425
1070,2015-10-20,1139,57,2,-80.0,901.0,1170.31253375
1071,2015-10-21,1140,57,2,-81.0,901.0,1171.340025
1072,2015-10-22,1141,57,2,-82.0,902.0,1172.3675162499999
1073,2015-10-23,1142,58,2,-82.0,902.0,1173.3950075
1074,2015-10-24,1143,58,2,-82.0,901.0,1174.42249875
1075,2015-10-25,1144,59,2,-82.0,902.0,1175.44999
1076,2015-10-26,1145,59,2,-82.0,903.0,1176.47748125
1077,2015-10-27,1146,60,3,-82.0,902.0,1177.5049725
1078,2015-10-28,1147,60,3,-80.0,901.0,1178.53246375
1080,2015-10-29,1148,61,3,-80.0,901.0,1179.559955
1079,2015-10-30,1149,61,3,-81.0,902.0,1180.5874462499999
1081,2015-10-31,1150,62,3,-82.0,902.0,1181.6149375
1082,2015-11-01,1151,62,3,-82.0,901.0,1182.64242875
1086,2015-11-02,1152,62,3,-80.0,901.0,1183.66992
1083,2015-11-03,1153,63,3,-82.0,900.0,1184.69741125
1088,2015-11-04,1154,63,3,-84.0,900.0,1185.7249024999999
1084,2015-11-05,1155,64,3,-84.0,900.0,1186.75239375
1085,2015-11-06,1156,64,3,-84.0,900.0,1187.779885
1087,2015-11-07,1157,65,3,-82.0,900.0,1188.80737625
1089,2015-11-08,1158,65,3,-82.0,898.0,1189.8348675
1090,2015-11-09,1159,66,3,-82.0,898.0,1190.8623587499999
1091,2015-11-10,1160,66,3,-80.0,899.0,1191.88985
1092,2015-11-12,1161,66,3,-83.0,898.0,1192.91734125
1093,2015-11-13,1162,67,3,-84.0,897.0,1193.9448325
1094,2015-11-14,1163,67,3,-86.0,896.0,1194.97232375
1095,2015-11-15,1164,68,3,-86.0,896.0,1195.999815
1096,2015-11-16,1165,68,3,-84.0,897.0,1197.02730625
1097,2015-11-17,1166,69,3,-84.0,895.0,1198.0547975
1098,2015-11-18,1167,69,3,-84.0,894.0,1199.0822887499999
1102,2015-11-19,1168,70,3,-84.0,894.0,1200.10978
1100,2015-11-20,1169,70,3,-89.0,894.0,1201.13727125
1101,2015-11-21,1170,71,3,-85.0,893.0,1202.1647625
1099,2015-11-22,1171,71,3,-87.0,892.0,1203.19225375
1104,2015-11-23,1172,71,3,-87.0,892.0,1204.2197449999999
1103,2015-11-24,1173,72,3,-87.0,892.0,1205.24723625
1105,2015-11-25,1174,72,3,-85.0,891.0,1206.2747275
1106,2015-11-26,1175,73,3,-85.0,890.0,1207.30221875
1107,2015-11-27,1176,73,3,-84.0,890.0,1208.32971
1108,2015-11-28,1177,74,3,-84.0,888.0,1209.35720125
1109,2015-11-29,1178,74,3,-86.0,888.0,1210.3846925
1110,2015-11-30,1179,75,3,-85.0,887.0,1211.41218375
1111,2015-12-01,1180,75,3,-86.0,886.0,1212.4396749999999
1112,2015-12-02,1181,75,3,-86.0,885.0,1213.46716625
1114,2015-12-03,1182,76,3,-85.0,884.0,1214.4946575
1113,2015-12-04,1183,76,3,-86.0,883.0,1215.52214875
1115,2015-12-05,1184,77,3,-85.0,882.0,1216.54964
1116,2015-12-06,1185,77,3,-84.0,881.0,1217.5771312499999
1117,2015-12-07,1186,78,3,-86.0,881.0,1218.6046225
1118,2015-12-08,1187,78,3,-84.0,881.0,1219.63211375
1119,2015-12-09,1188,79,3,-90.0,881.0,1220.659605
1120,2015-12-10,1189,79,3,-87.0,879.0,1221.68709625
1121,2015-12-11,1190,79,3,-87.0,877.0,1222.7145874999999
1122,2015-12-12,1191,80,3,-87.0,876.0,1223.74207875
1123,2015-12-13,1192,80,3,-86.0,876.0,1224.76957
1124,2015-12-14,1193,81,3,-84.0,875.0,1225.79706125
1125,2015-12-15,1194,81,3,-84.0,873.0,1226.8245525
1126,2015-12-16,1195,82,3,-86.0,872.0,1227.85204375
1129,2015-12-17,1196,82,3,-86.0,871.0,1228.879535
1127,2015-12-18,1197,83,3,-85.0,869.0,1229.90702625
1128,2015-12-20,1198,83,3,-86.0,868.0,1230.9345174999999
1130,2015-12-21,1199,84,3,-86.0,868.0,1231.96200875
1131,2015-12-22,1200,84,3,-84.0,866.0,1232.9895
1132,2015-12-23,1201,84,3,-85.0,866.0,1234.01699125
1133,2015-12-24,1202,85,3,-85.0,864.0,1235.0444825
1136,2015-12-25,1203,85,3,-85.0,863.0,1236.0719737499999
1135,2015-12-26,1204,86,3,-84.0,862.0,1237.099465
1134,2015-12-27,1205,86,3,-86.0,861.0,1238.12695625
1137,2015-12-28,1206,87,3,-85.0,859.0,1239.1544475
1138,2015-12-29,1207,87,3,-85.0,858.0,1240.18193875
1139,2015-12-30,1208,88,3,-85.0,857.0,1241.2094299999999
1141,2015-12-31,1209,88,3,-85.0,855.0,1242.23692125
1140,2016-01-01,1210,88,3,-85.0,854.0,1243.2644125
1142,2016-01-02,1211,89,3,-83.0,853.0,1244.2919037499998
1143,2016-01-03,1212,89,3,-86.0,851.0,1245.319395
1145,2016-01-04,1213,90,4,-84.0,851.0,1246.34688625
1144,2016-01-05,1214,90,4,-85.0,849.0,1247.3743775
1146,2016-01-06,1215,91,4,-85.0,848.0,1248.40186875
1147,2016-01-07,1216,91,4,-86.0,847.0,1249.4293599999999
1148,2016-01-08,1217,92,4,-88.0,846.0,1250.45685125
1149,2016-01-09,1218,92,4,-86.0,845.0,1251.4843425
1150,2016-01-10,1219,93,4,-87.0,844.0,1252.51183375
1151,2016-01-11,1220,93,4,-87.0,842.0,1253.539325
1152,2016-01-12,1221,93,4,-87.0,841.0,1254.5668162499999
1153,2016-01-13,1222,94,4,-87.0,840.0,1255.5943075
1155,2016-01-14,1223,94,4,-88.0,839.0,1256.62179875
1154,2016-01-15,1224,95,4,-88.0,837.0,1257.64929
1156,2016-01-16,1225,95,4,-87.0,836.0,1258.67678125
1157,2016-01-17,1226,96,4,-87.0,835.0,1259.7042725
1158,2016-01-18,1227,96,4,-88.0,833.0,1260.73176375
1159,2016-01-19,1228,97,4,-88.0,832.0,1261.759255
1160,2016-01-20,1229,97,4,-88.0,831.0,1262.7867462499999
1161,2016-01-21,1230,98,4,-88.0,830.0,1263.8142375
1162,2016-01-22,1231,98,4,-88.0,828.0,1264.84172875
1163,2016-01-23,1232,99,4,-88.0,827.0,1265.86922
1164,2016-01-24,1233,99,4,-88.0,826.0,1266.89671125
1166,2016-01-26,1234,99,4,-88.0,824.0,1267.9242024999999
1165,2016-01-27,1235,100,4,-88.0,824.0,1268.95169375
1170,2016-01-28,1236,100,4,-87.0,822.0,1269.979185
1169,2016-01-29,1237,101,4,-88.0,820.0,1271.00667625
1167,2016-01-30,1238,101,4,-87.0,819.0,1272.0341675
1168,2016-01-31,1239,102,4,-89.0,818.0,1273.0616587499999
1171,2016-02-01,1240,102,4,-87.0,816.0,1274.08915
1172,2016-02-02,1241,103,4,-87.0,816.0,1275.11664125
1173,2016-02-03,1242,103,4,-87.0,815.0,1276.1441325
1174,2016-02-04,1243,104,4,-86.0,814.0,1277.17162375
1175,2016-02-05,1244,104,4,-85.0,812.0,1278.199115
1176,2016-02-06,1245,105,4,-86.0,811.0,1279.22660625
1178,2016-02-07,1246,105,4,-85.0,810.0,1280.2540975
1177,2016-02-08,1247,105,4,-85.0,809.0,1281.2815887499999
1179,2016-02-09,1248,106,4,-86.0,807.0,1282.30908
1180,2016-02-10,1249,106,4,-85.0,806.0,1283.33657125
1182,2016-02-11,1250,107,4,-85.0,804.0,1284.3640625
1185,2016-02-12,1251,107,4,-85.0,803.0,1285.39155375
1184,2016-02-13,1252,108,4,-85.0,802.0,1286.4190449999999
1181,2016-02-14,1253,108,4,-85.0,800.0,1287.44653625
1183,2016-02-15,1254,109,4,-84.0,799.0,1288.4740275
1187,2016-02-16,1255,109,4,-84.0,798.0,1289.50151875
1186,2016-02-17,1256,110,4,-84.0,797.0,1290.52901
1188,2016-02-18,1257,110,4,-84.0,794.0,1291.5565012499999
1189,2016-02-19,1258,111,4,-83.0,794.0,1292.5839925
1190,2016-02-20,1259,111,4,-84.0,794.0,1293.61148375
1191,2016-02-21,1260,112,4,-83.0,792.0,1294.6389749999998
1192,2016-02-22,1261,112,4,-81.0,790.0,1295.66646625
1193,2016-02-23,1262,112,4,-81.0,790.0,1296.6939575
1194,2016-02-24,1263,113,4,-84.0,788.0,1297.72144875
1195,2016-02-25,1264,113,4,-84.0,787.0,1298.74894
1197,2016-02-26,1265,114,4,-81.0,787.0,1299.7764312499999
1196,2016-02-27,1266,114,4,-82.0,787.0,1300.8039225
1198,2016-02-28,1267,115,4,-83.0,786.0,1301.83141375
1199,2016-02-29,1268,115,4,-83.0,784.0,1302.858905
1201,2016-03-01,1269,116,4,-83.0,782.0,1303.88639625
1200,2016-03-03,1270,116,4,-82.0,782.0,1304.9138874999999
1202,2016-03-04,1271,117,4,-84.0,781.0,1305.94137875
1203,2016-03-05,1272,117,4,-81.0,780.0,1306.96887
1204,2016-03-06,1273,118,4,-79.0,778.0,1307.99636125
1205,2016-03-07,1274,118,4,-82.0,777.0,1309.0238525
1206,2016-03-08,1275,119,4,-82.0,775.0,1310.05134375
1207,2016-03-09,1276,119,4,-83.0,774.0,1311.078835
1208,2016-03-10,1277,120,5,-84.0,774.0,1312.10632625
1210,2016-03-11,1278,120,5,-83.0,773.0,1313.1338174999999
1209,2016-03-12,1279,121,5,-83.0,772.0,1314.16130875
1211,2016-03-13,1280,121,5,-84.0,771.0,1315.1888
1212,2016-03-14,1281,122,5,-83.0,769.0,1316.21629125
1213,2016-03-15,1282,122,5,-81.0,768.0,1317.2437825
1214,2016-03-16,1283,123,5,-82.0,767.0,1318.2712737499999
1216,2016-03-17,1284,123,5,-80.0,767.0,1319.298765
1217,2016-03-18,1285,123,5,-80.0,766.0,1320.32625625
1215,2016-03-19,1286,124,5,-80.0,765.0,1321.3537475
1218,2016-03-20,1287,124,5,-80.0,764.0,1322.38123875
1219,2016-03-21,1288,125,5,-80.0,763.0,1323.4087299999999
1220,2016-03-24,1291,126,5,-80.0,760.0,1326.49120375
1222,2016-03-25,1292,127,5,-81.0,760.0,1327.518695
1221,2016-03-26,1293,127,5,-81.0,758.0,1328.54618625
1223,2016-03-27,1294,128,5,-79.0,758.0,1329.5736775
1224,2016-03-28,1295,128,5,-79.0,757.0,1330.60116875
1226,2016-03-29,1296,129,5,-79.0,756.0,1331.6286599999999
1225,2016-03-30,1297,129,5,-80.0,755.0,1332.65615125
1229,2016-03-31,1298,130,5,-79.0,755.0,1333.6836425
1228,2016-04-01,1299,130,5,-80.0,753.0,1334.71113375
1227,2016-04-02,1300,131,5,-79.0,752.0,1335.738625
1230,2016-04-03,1301,131,5,-78.0,752.0,1336.7661162499999
1231,2016-04-04,1302,132,5,-80.0,751.0,1337.7936075
1232,2016-04-05,1303,132,5,-78.0,751.0,1338.82109875
1233,2016-04-06,1304,133,5,-80.0,750.0,1339.84859
1235,2016-04-07,1305,133,5,-80.0,749.0,1340.87608125
1234,2016-04-08,1306,134,5,-79.0,748.0,1341.9035724999999
1236,2016-04-10,1307,134,5,-80.0,748.0,1342.93106375
1237,2016-04-11,1308,135,5,-81.0,748.0,1343.958555
1238,2016-04-12,1309,135,5,-81.0,747.0,1344.9860462499998
1239,2016-04-13,1310,136,5,-76.0,745.0,1346.0135375
1240,2016-04-14,1311,136,5,-78.0,745.0,1347.04102875
1243,2016-04-15,1312,137,5,-77.0,745.0,1348.06852
1241,2016-04-16,1313,137,5,-77.0,745.0,1349.09601125
1242,2016-04-17,1314,138,5,-78.0,744.0,1350.1235024999999
1244,2016-04-18,1315,138,5,-77.0,744.0,1351.15099375
1245,2016-04-19,1316,139,5,-80.0,744.0,1352.178485
1246,2016-04-20,1317,139,5,-80.0,743.0,1353.20597625
1247,2016-04-21,1318,140,5,-80.0,743.0,1354.2334675
1248,2016-04-22,1319,140,5,-78.0,742.0,1355.2609587499999
1250,2016-04-23,1320,141,5,-77.0,741.0,1356.28845
1249,2016-04-24,1321,141,5,-77.0,740.0,1357.31594125
1251,2016-04-25,1322,142,5,-78.0,740.0,1358.3434325
1252,2016-04-26,1323,142,5,-77.0,738.0,1359.37092375
1253,2016-04-27,1324,143,5,-78.0,738.0,1360.3984149999999
1256,2016-04-28,1325,144,5,-78.0,738.0,1361.42590625
1254,2016-04-29,1326,144,5,-77.0,738.0,1362.4533975
1255,2016-04-30,1327,145,5,-76.0,736.0,1363.4808887499998
1257,2016-05-01,1328,145,5,-77.0,735.0,1364.50838
1258,2016-05-02,1329,146,5,-74.0,735.0,1365.53587125
1259,2016-05-03,1330,146,5,-78.0,734.0,1366.5633625
1260,2016-05-04,1331,147,5,-76.0,734.0,1367.59085375
1262,2016-05-05,1332,147,5,-78.0,734.0,1368.6183449999999
1263,2016-05-06,1333,148,5,-76.0,733.0,1369.64583625
1261,2016-05-07,1334,148,5,-77.0,732.0,1370.6733275
1264,2016-05-08,1335,149,5,-77.0,732.0,1371.70081875
1265,2016-05-09,1336,149,5,-75.0,732.0,1372.72831
1266,2016-05-10,1337,150,6,-76.0,734.0,1373.7558012499999
1267,2016-05-11,1338,150,6,-75.0,734.0,1374.7832925
1268,2016-05-12,1339,151,6,-77.0,733.0,1375.81078375
1269,2016-05-13,1340,151,6,-76.0,734.0,1376.838275
1270,2016-05-14,1341,152,6,-76.0,735.0,1377.86576625
1271,2016-05-15,1342,152,6,-80.0,735.0,1378.8932575
1272,2016-05-17,1343,153,6,-74.0,735.0,1379.92074875
1273,2016-05-18,1344,153,6,-75.0,734.0,1380.94824
1276,2016-05-19,1345,154,6,-75.0,735.0,1381.9757312499999
1274,2016-05-20,1346,155,6,-75.0,737.0,1383.0032225
1277,2016-05-21,1347,155,6,-75.0,736.0,1384.03071375
1275,2016-05-22,1348,156,6,-76.0,735.0,1385.058205
1278,2016-05-23,1349,156,6,-73.0,737.0,1386.08569625
1279,2016-05-24,1350,157,6,-73.0,738.0,1387.1131874999999
1280,2016-05-25,1351,157,6,-72.0,739.0,1388.14067875
1283,2016-05-26,1352,158,6,-73.0,736.0,1389.16817
1281,2016-05-27,1353,158,6,-76.0,737.0,1390.19566125
1282,2016-05-28,1354,159,6,-75.0,739.0,1391.2231525
1284,2016-05-29,1355,159,6,-75.0,740.0,1392.2506437499999
1286,2016-05-30,1356,160,6,-74.0,739.0,1393.278135
1285,2016-05-31,1357,160,6,-72.0,738.0,1394.30562625
1287,2016-06-01,1358,161,6,-74.0,738.0,1395.3331174999998
1288,2016-06-02,1359,162,6,-76.0,739.0,1396.36060875
1289,2016-06-03,1360,162,6,-76.0,739.0,1397.3881
1290,2016-06-04,1361,163,6,-75.0,739.0,1398.41559125
1291,2016-06-05,1362,163,6,-74.0,739.0,1399.4430825
1292,2016-06-06,1363,164,6,-75.0,740.0,1400.4705737499999
1293,2016-06-07,1364,164,6,-74.0,740.0,1401.498065
1294,2016-06-08,1365,165,6,-74.0,739.0,1402.52555625
1295,2016-06-09,1366,165,6,-75.0,740.0,1403.5530475
1296,2016-06-10,1367,166,6,-74.0,743.0,1404.58053875
1297,2016-06-11,1368,167,6,-74.0,743.0,1405.6080299999999
1299,2016-06-12,1369,167,6,-73.0,742.0,1406.63552125
1298,2016-06-13,1370,168,6,-74.0,744.0,1407.6630125
1301,2016-06-14,1371,168,6,-75.0,746.0,1408.69050375
1300,2016-06-15,1372,169,6,-74.0,745.0,1409.717995
1303,2016-06-16,1373,169,6,-74.0,746.0,1410.7454862499999
1302,2016-06-17,1374,170,6,-75.0,748.0,1411.7729775
1304,2016-06-18,1375,170,6,-73.0,749.0,1412.80046875
1305,2016-06-19,1376,171,6,-75.0,749.0,1413.8279599999998
1306,2016-06-20,1377,172,6,-76.0,749.0,1414.85545125
1308,2016-06-21,1378,172,6,-76.0,751.0,1415.8829425
1307,2016-06-23,1379,173,6,-77.0,751.0,1416.91043375
1311,2016-06-24,1380,173,6,-74.0,751.0,1417.937925
1309,2016-06-25,1381,174,6,-73.0,751.0,1418.9654162499999
1310,2016-06-26,1382,174,6,-76.0,752.0,1419.9929075
1312,2016-06-27,1383,175,6,-73.0,752.0,1421.02039875
1313,2016-06-28,1384,176,6,-74.0,753.0,1422.04789
1314,2016-06-29,1385,176,6,-75.0,755.0,1423.07538125
1315,2016-06-30,1386,177,6,-74.0,755.0,1424.1028724999999
1316,2016-07-01,1387,177,6,-74.0,755.0,1425.13036375
1317,2016-07-02,1388,178,6,-73.0,756.0,1426.157855
1318,2016-07-12,1398,184,7,-66.0,751.0,1436.4327675
1319,2016-07-13,1399,184,7,-73.0,770.0,1437.4602587499999
1322,2016-07-14,1400,185,7,-73.0,770.0,1438.48775
1321,2016-07-15,1401,185,7,-73.0,770.0,1439.51524125
1320,2016-07-16,1402,186,7,-75.0,771.0,1440.5427325
1323,2016-07-17,1403,187,7,-75.0,771.0,1441.57022375
1324,2016-07-18,1404,187,7,-75.0,774.0,1442.5977149999999
1325,2016-07-19,1405,188,7,-75.0,775.0,1443.62520625
1328,2016-07-20,1406,188,7,-76.0,775.0,1444.6526975
1329,2016-07-21,1407,189,7,-74.0,779.0,1445.6801887499998
1327,2016-07-22,1408,190,7,-75.0,779.0,1446.70768
1326,2016-07-23,1409,190,7,-74.0,781.0,1447.73517125
1330,2016-07-24,1410,191,7,-72.0,782.0,1448.7626625
1331,2016-07-25,1411,191,7,-72.0,782.0,1449.79015375
1333,2016-07-26,1412,192,7,-78.0,784.0,1450.8176449999999
1332,2016-07-27,1413,193,7,-72.0,784.0,1451.84513625
1336,2016-07-28,1414,193,7,-73.0,785.0,1452.8726275
1334,2016-07-29,1415,194,7,-72.0,787.0,1453.90011875
1335,2016-07-31,1416,194,7,-72.0,791.0,1454.92761
1337,2016-08-01,1417,195,7,-70.0,791.0,1455.9551012499999
1338,2016-08-02,1418,196,7,-73.0,793.0,1456.9825925
1339,2016-08-03,1419,196,7,-73.0,793.0,1458.01008375
1340,2016-08-04,1420,197,7,-71.0,793.0,1459.037575
1343,2016-08-05,1421,197,7,-72.0,797.0,1460.06506625
1342,2016-08-06,1422,198,7,-72.0,798.0,1461.0925574999999
1341,2016-08-07,1423,199,7,-71.0,800.0,1462.12004875
1344,2016-08-08,1424,199,7,-72.0,803.0,1463.14754
1345,2016-08-09,1425,200,7,-72.0,804.0,1464.1750312499998
1346,2016-08-10,1426,200,7,-71.0,803.0,1465.2025225
1347,2016-08-11,1427,201,7,-72.0,807.0,1466.23001375
1348,2016-08-12,1428,202,7,-72.0,808.0,1467.257505
1349,2016-08-13,1429,202,7,-70.0,810.0,1468.28499625
1351,2016-08-14,1430,203,7,-69.0,810.0,1469.3124874999999
1350,2016-08-15,1431,204,7,-69.0,811.0,1470.33997875
1352,2016-08-16,1432,204,7,-71.0,813.0,1471.36747
1353,2016-08-17,1433,205,7,-70.0,818.0,1472.39496125
1356,2016-08-18,1434,205,7,-70.0,818.0,1473.4224525
1355,2016-08-19,1435,206,7,-71.0,823.0,1474.4499437499999
1354,2016-08-20,1436,207,7,-72.0,825.0,1475.477435
1357,2016-08-21,1437,207,7,-71.0,821.0,1476.50492625
1358,2016-08-22,1438,208,7,-68.0,823.0,1477.5324175
1360,2016-08-23,1439,208,7,-71.0,828.0,1478.55990875
1359,2016-08-24,1440,209,7,-70.0,828.0,1479.5874
1361,2016-08-25,1441,210,8,-74.0,828.0,1480.61489125
1362,2016-08-26,1442,210,8,-68.0,829.0,1481.6423825
1363,2016-08-27,1443,211,8,-69.0,831.0,1482.6698737499999
1364,2016-08-28,1444,212,8,-69.0,833.0,1483.697365
1365,2016-08-29,1445,212,8,-69.0,836.0,1484.72485625
1366,2016-08-30,1446,213,8,-70.0,841.0,1485.7523475
1367,2016-08-31,1447,214,8,-74.0,841.0,1486.77983875
1369,2016-09-01,1448,214,8,-69.0,841.0,1487.8073299999999
1368,2016-09-02,1449,215,8,-71.0,841.0,1488.83482125
1370,2016-09-03,1450,215,8,-69.0,842.0,1489.8623125
1371,2016-09-04,1451,216,8,-71.0,842.0,1490.88980375
1373,2016-09-06,1452,217,8,-74.0,845.0,1491.917295
1372,2016-09-07,1453,217,8,-73.0,850.0,1492.9447862499999
1374,2016-09-08,1454,218,8,-69.0,854.0,1493.9722775
1377,2016-09-09,1455,219,8,-70.0,858.0,1494.99976875
1376,2016-09-10,1456,219,8,-69.0,859.0,1496.0272599999998
1375,2016-09-11,1457,220,8,-69.0,860.0,1497.05475125
1378,2016-09-12,1458,220,8,-69.0,859.0,1498.0822425
1379,2016-09-13,1459,221,8,-71.0,861.0,1499.10973375
1380,2016-09-14,1460,222,8,-70.0,865.0,1500.137225
1382,2016-09-15,1461,222,8,-69.0,870.0,1501.1647162499999
1381,2016-09-16,1462,223,8,-68.0,871.0,1502.1922075
1383,2016-09-17,1463,224,8,-68.0,871.0,1503.21969875
1384,2016-09-18,1464,224,8,-71.0,871.0,1504.24719
1385,2016-09-19,1465,225,8,-68.0,870.0,1505.27468125
1386,2016-09-20,1466,226,8,-67.0,873.0,1506.3021724999999
1387,2016-09-21,1467,226,8,-69.0,877.0,1507.32966375
1388,2016-09-22,1468,227,8,-70.0,879.0,1508.357155
1389,2016-09-23,1469,228,8,-72.0,881.0,1509.38464625
1391,2016-09-24,1470,228,8,-70.0,879.0,1510.4121375
1392,2016-09-25,1471,229,8,-71.0,880.0,1511.4396287499999
1390,2016-09-26,1472,229,8,-68.0,879.0,1512.46712
1393,2016-09-27,1473,230,8,-67.0,881.0,1513.49461125
1394,2016-09-28,1474,231,8,-68.0,889.0,1514.5221024999998
1396,2016-09-29,1475,231,8,-72.0,890.0,1515.54959375
1395,2016-09-30,1476,232,8,-69.0,888.0,1516.577085
1397,2016-10-01,1477,233,8,-72.0,888.0,1517.60457625
1399,2016-10-02,1478,233,8,-68.0,887.0,1518.6320675
1398,2016-10-03,1479,234,8,-66.0,890.0,1519.6595587499999
1400,2016-10-04,1480,235,8,-68.0,893.0,1520.68705
1401,2016-10-05,1481,235,8,-70.0,893.0,1521.71454125
1403,2016-10-06,1482,236,8,-68.0,893.0,1522.7420325
1402,2016-10-07,1483,237,8,-68.0,892.0,1523.76952375
1404,2016-10-08,1484,237,8,-68.0,895.0,1524.7970149999999
1405,2016-10-09,1485,238,8,-71.0,899.0,1525.82450625
1406,2016-10-10,1486,239,8,-71.0,901.0,1526.8519975
1407,2016-10-11,1487,239,8,-68.0,901.0,1527.87948875
1408,2016-10-12,1488,240,9,-69.0,902.0,1528.90698
1410,2016-10-14,1489,240,9,-68.0,903.0,1529.93447125
1411,2016-10-15,1490,241,9,-66.0,904.0,1530.9619625
1409,2016-10-16,1491,242,9,-69.0,906.0,1531.98945375
1412,2016-10-17,1492,242,9,-68.0,910.0,1533.0169449999999
1413,2016-10-18,1493,243,9,-70.0,905.0,1534.04443625
1414,2016-10-19,1494,244,9,-70.0,904.0,1535.0719275
1416,2016-10-20,1495,244,9,-71.0,903.0,1536.09941875
1415,2016-10-21,1496,245,9,-72.0,906.0,1537.12691
1417,2016-10-22,1497,246,9,-68.0,909.0,1538.1544012499999
1418,2016-10-23,1498,246,9,-68.0,907.0,1539.1818925
1419,2016-10-24,1499,247,9,-69.0,903.0,1540.20938375
1420,2016-10-25,1500,248,9,-70.0,903.0,1541.236875
1421,2016-10-26,1501,248,9,-69.0,903.0,1542.26436625
1422,2016-10-27,1502,249,9,-69.0,907.0,1543.2918574999999
1424,2016-10-28,1503,250,9,-70.0,909.0,1544.31934875
1423,2016-10-29,1504,250,9,-69.0,910.0,1545.34684
1425,2016-10-30,1505,251,9,-69.0,906.0,1546.3743312499998
1426,2016-10-31,1506,252,9,-71.0,907.0,1547.4018225
1427,2016-11-01,1507,252,9,-70.0,907.0,1548.42931375
1428,2016-11-02,1508,253,9,-70.0,907.0,1549.456805
1430,2016-11-03,1509,254,9,-70.0,910.0,1550.48429625
1431,2016-11-04,1510,254,9,-70.0,908.0,1551.5117874999999
1429,2016-11-05,1511,255,9,-77.0,908.0,1552.53927875
1432,2016-11-06,1512,255,9,-78.0,906.0,1553.56677
1433,2016-11-07,1513,256,9,-74.0,907.0,1554.59426125
1434,2016-11-08,1514,257,9,-73.0,906.0,1555.6217525
1435,2016-11-09,1515,257,9,-76.0,906.0,1556.6492437499999
1436,2016-11-10,1516,258,9,-71.0,909.0,1557.676735
1437,2016-11-11,1517,259,9,-76.0,911.0,1558.70422625
1438,2016-11-12,1518,259,9,-78.0,909.0,1559.7317175
1440,2016-11-13,1519,260,9,-72.0,906.0,1560.75920875
1439,2016-11-14,1520,261,9,-73.0,905.0,1561.7866999999999
1441,2016-11-15,1521,261,9,-71.0,905.0,1562.81419125
1442,2016-11-16,1522,262,9,-71.0,905.0,1563.8416825
1443,2016-11-17,1523,263,9,-77.0,905.0,1564.8691737499998
1444,2016-11-18,1524,263,9,-76.0,904.0,1565.896665
1445,2016-11-20,1525,264,9,-74.0,902.0,1566.92415625
1446,2016-11-21,1526,265,9,-72.0,900.0,1567.9516475
1449,2016-11-22,1527,265,9,-71.0,900.0,1568.97913875
1450,2016-11-23,1528,266,9,-72.0,898.0,1570.0066299999999
1451,2016-11-24,1529,267,9,-73.0,900.0,1571.03412125
1452,2016-11-25,1530,267,9,-71.0,899.0,1572.0616125
1447,2016-11-26,1531,268,9,-76.0,900.0,1573.08910375
1448,2016-11-27,1532,268,9,-72.0,900.0,1574.116595
1453,2016-11-28,1533,269,9,-72.0,896.0,1575.1440862499999
1454,2016-11-29,1534,270,10,-73.0,898.0,1576.1715775
1455,2016-11-30,1535,270,10,-73.0,900.0,1577.19906875
1456,2016-12-01,1536,271,10,-71.0,901.0,1578.22656
1458,2016-12-02,1537,272,10,-74.0,900.0,1579.25405125
1457,2016-12-03,1538,272,10,-73.0,898.0,1580.2815425
1459,2016-12-04,1539,273,10,-74.0,896.0,1581.30903375
1460,2016-12-05,1540,274,10,-72.0,896.0,1582.336525
1461,2016-12-06,1541,274,10,-76.0,895.0,1583.3640162499998
1462,2016-12-07,1542,275,10,-73.0,895.0,1584.3915075
1464,2016-12-08,1543,276,10,-74.0,896.0,1585.41899875
1463,2016-12-09,1544,276,10,-71.0,894.0,1586.44649
1465,2016-12-10,1545,277,10,-73.0,891.0,1587.47398125
1467,2016-12-11,1546,277,10,-73.0,889.0,1588.5014724999999
1466,2016-12-12,1547,278,10,-75.0,887.0,1589.52896375
1468,2016-12-13,1548,279,10,-76.0,887.0,1590.556455
1469,2016-12-14,1549,279,10,-76.0,887.0,1591.58394625
1472,2016-12-15,1550,280,10,-71.0,888.0,1592.6114375
1471,2016-12-16,1551,281,10,-71.0,886.0,1593.6389287499999
1470,2016-12-17,1552,281,10,-74.0,886.0,1594.66642
1474,2016-12-18,1553,282,10,-77.0,884.0,1595.69391125
1473,2016-12-19,1554,283,10,-70.0,882.0,1596.7214024999998
1477,2016-12-20,1555,283,10,-71.0,883.0,1597.74889375
1478,2016-12-21,1556,284,10,-72.0,883.0,1598.776385
1475,2016-12-22,1557,284,10,-70.0,883.0,1599.80387625
1476,2016-12-23,1558,285,10,-72.0,880.0,1600.8313675
1484,2016-12-24,1559,286,10,-76.0,879.0,1601.8588587499999
1482,2016-12-25,1560,286,10,-76.0,877.0,1602.88635
1485,2016-12-27,1561,287,10,-77.0,877.0,1603.91384125
1479,2016-12-28,1562,288,10,-73.0,877.0,1604.9413325
1483,2016-12-29,1563,288,10,-75.0,879.0,1605.96882375
1481,2016-12-30,1564,289,10,-70.0,877.0,1606.9963149999999
1480,2016-12-31,1565,290,10,-72.0,874.0,1608.02380625
1487,2017-01-01,1566,290,10,-76.0,876.0,1609.0512975
1486,2017-01-02,1567,291,10,-70.0,872.0,1610.07878875
1488,2017-01-03,1568,291,10,-71.0,876.0,1611.10628
1492,2017-01-04,1569,292,10,-70.0,873.0,1612.1337712499999
1491,2017-01-05,1570,293,10,-71.0,873.0,1613.1612625
1490,2017-01-06,1571,293,10,-70.0,873.0,1614.18875375
1489,2017-01-07,1572,294,10,-81.0,869.0,1615.2162449999998
1493,2017-01-08,1573,295,10,-74.0,872.0,1616.24373625
1495,2017-01-09,1574,295,10,-72.0,868.0,1617.2712275
1494,2017-01-10,1575,296,10,-73.0,871.0,1618.29871875
1496,2017-01-11,1576,296,10,-72.0,869.0,1619.32621
1498,2017-01-12,1577,297,10,-72.0,866.0,1620.3537012499999
1499,2017-01-13,1578,298,10,-74.0,868.0,1621.3811925
1500,2017-01-14,1579,298,10,-73.0,862.0,1622.40868375
1497,2017-01-15,1580,299,10,-72.0,867.0,1623.436175
1501,2017-01-16,1581,299,10,-72.0,862.0,1624.46366625
1503,2017-01-17,1582,300,11,-74.0,862.0,1625.4911574999999
1502,2017-01-18,1583,301,11,-75.0,862.0,1626.51864875
1505,2017-01-19,1584,301,11,-77.0,860.0,1627.54614
1506,2017-01-20,1585,302,11,-76.0,864.0,1628.5736312499998
1504,2017-01-21,1586,303,11,-72.0,858.0,1629.6011225
1508,2017-01-22,1587,303,11,-73.0,860.0,1630.6286137499999
1507,2017-01-23,1588,304,11,-72.0,858.0,1631.656105
1510,2017-01-24,1589,304,11,-72.0,857.0,1632.68359625
1509,2017-01-25,1590,305,11,-76.0,860.0,1633.7110874999998
1512,2017-01-26,1591,306,11,-73.0,852.0,1634.73857875
1511,2017-01-27,1592,306,11,-71.0,857.0,1635.76607
1513,2017-01-28,1593,307,11,-72.0,852.0,1636.79356125
1514,2017-01-29,1594,307,11,-74.0,855.0,1637.8210525
1515,2017-01-30,1595,308,11,-71.0,855.0,1638.8485437499999
1516,2017-01-31,1596,309,11,-74.0,850.0,1639.876035
1517,2017-02-01,1597,309,11,-73.0,855.0,1640.90352625
1519,2017-02-03,1598,310,11,-70.0,849.0,1641.9310175
1518,2017-02-04,1599,310,11,-72.0,853.0,1642.95850875
1520,2017-02-05,1600,311,11,-71.0,850.0,1643.9859999999999
1522,2017-02-06,1601,312,11,-71.0,853.0,1645.01349125
1521,2017-02-07,1602,312,11,-77.0,852.0,1646.0409825
1523,2017-02-08,1603,313,11,-76.0,847.0,1647.0684737499998
1524,2017-02-09,1604,313,11,-77.0,850.0,1648.095965
1526,2017-02-10,1605,314,11,-73.0,846.0,1649.12345625
1525,2017-02-11,1606,315,11,-75.0,850.0,1650.1509475
1528,2017-02-12,1607,315,11,-77.0,846.0,1651.17843875
1527,2017-02-13,1608,316,11,-72.0,847.0,1652.2059299999999
1529,2017-02-14,1609,316,11,-71.0,847.0,1653.23342125
1534,2017-02-18,1613,319,11,-72.0,846.0,1657.3433862499999
1533,2017-02-19,1614,319,11,-73.0,837.0,1658.3708775
1536,2017-02-20,1615,320,11,-73.0,842.0,1659.39836875
1535,2017-02-21,1616,320,11,-73.0,848.0,1660.42586
1537,2017-02-22,1617,321,11,-72.0,840.0,1661.45335125
1540,2017-02-23,1618,322,11,-71.0,845.0,1662.4808424999999
1538,2017-02-24,1619,322,11,-73.0,841.0,1663.50833375
1539,2017-02-25,1620,323,11,-70.0,844.0,1664.535825
1541,2017-02-26,1621,323,11,-73.0,842.0,1665.5633162499998
1542,2017-02-27,1622,324,11,-71.0,841.0,1666.5908075
1544,2017-02-28,1623,324,11,-71.0,840.0,1667.61829875
1543,2017-03-01,1624,325,11,-72.0,837.0,1668.64579
1546,2017-03-02,1625,326,11,-71.0,839.0,1669.67328125
1545,2017-03-03,1626,326,11,-71.0,839.0,1670.7007724999999
1547,2017-03-04,1627,327,11,-72.0,838.0,1671.72826375
1549,2017-03-05,1628,327,11,-71.0,839.0,1672.755755
1548,2017-03-06,1629,328,11,-74.0,837.0,1673.78324625
1551,2017-03-07,1630,328,11,-77.0,838.0,1674.8107375
1550,2017-03-08,1631,329,11,-77.0,837.0,1675.8382287499999
1552,2017-03-09,1632,330,12,-72.0,836.0,1676.86572
1554,2017-03-10,1633,330,12,-75.0,834.0,1677.89321125
1553,2017-03-12,1634,331,12,-72.0,834.0,1678.9207024999998
1555,2017-03-13,1635,331,12,-73.0,833.0,1679.94819375
1556,2017-03-14,1636,332,12,-72.0,834.0,1680.9756849999999
1557,2017-03-15,1637,332,12,-73.0,833.0,1682.00317625
1559,2017-03-16,1638,333,12,-73.0,833.0,1683.0306675
1558,2017-03-17,1639,334,12,-71.0,832.0,1684.0581587499998
1561,2017-03-18,1640,334,12,-72.0,832.0,1685.08565
1560,2017-03-19,1641,335,12,-72.0,831.0,1686.11314125
1564,2017-03-20,1642,335,12,-72.0,829.0,1687.1406325
1563,2017-03-21,1643,336,12,-74.0,832.0,1688.16812375
1562,2017-03-22,1644,336,12,-74.0,832.0,1689.1956149999999
1567,2017-03-23,1645,337,12,-74.0,832.0,1690.22310625
1565,2017-03-24,1646,337,12,-74.0,831.0,1691.2505975
1566,2017-03-25,1647,338,12,-73.0,831.0,1692.27808875
1568,2017-03-26,1648,339,12,-73.0,830.0,1693.30558
1569,2017-03-27,1649,339,12,-74.0,830.0,1694.3330712499999
1570,2017-03-28,1650,340,12,-75.0,833.0,1695.3605625
1571,2017-03-29,1651,340,12,-77.0,833.0,1696.38805375
1572,2017-03-30,1652,341,12,-76.0,834.0,1697.4155449999998
1573,2017-03-31,1653,341,12,-75.0,833.0,1698.44303625
1575,2017-04-01,1654,342,12,-75.0,829.0,1699.4705275
1574,2017-04-02,1655,342,12,-76.0,831.0,1700.49801875
1576,2017-04-03,1656,343,12,-75.0,832.0,1701.52551
1578,2017-04-04,1657,343,12,-75.0,836.0,1702.5530012499999
1577,2017-04-05,1658,344,12,-77.0,835.0,1703.5804925
1579,2017-04-06,1659,345,12,-77.0,832.0,1704.60798375
1581,2017-04-07,1660,345,12,-74.0,832.0,1705.635475
1580,2017-04-08,1661,346,12,-75.0,831.0,1706.66296625
1583,2017-04-09,1662,346,12,-75.0,831.0,1707.6904574999999
1584,2017-04-10,1663,347,12,-74.0,832.0,1708.71794875
1586,2017-04-11,1664,347,12,-74.0,832.0,1709.74544
1585,2017-04-12,1665,348,12,-76.0,833.0,1710.77293125
1582,2017-04-13,1666,348,12,-76.0,834.0,1711.8004225
1588,2017-04-14,1667,349,12,-76.0,833.0,1712.8279137499999
1587,2017-04-15,1668,349,12,-77.0,831.0,1713.855405
1589,2017-04-16,1669,350,12,-74.0,833.0,1714.88289625
1590,2017-04-18,1670,350,12,-76.0,834.0,1715.9103874999998
1591,2017-04-19,1671,351,12,-76.0,832.0,1716.93787875
1592,2017-04-20,1672,351,12,-74.0,833.0,1717.96537
1594,2017-04-21,1673,352,12,-75.0,836.0,1718.99286125
1593,2017-04-22,1674,352,12,-75.0,835.0,1720.0203525
1595,2017-04-23,1675,353,12,-75.0,835.0,1721.0478437499999
1596,2017-04-24,1676,354,12,-76.0,837.0,1722.075335
1597,2017-04-25,1677,354,12,-74.0,835.0,1723.10282625
1598,2017-04-26,1678,355,12,-74.0,836.0,1724.1303175
1599,2017-04-27,1679,355,12,-75.0,836.0,1725.15780875
1601,2017-04-28,1680,356,12,-74.0,835.0,1726.1852999999999
1602,2017-04-29,1681,356,12,-74.0,837.0,1727.21279125
1603,2017-04-30,1682,357,12,-76.0,839.0,1728.2402825
1600,2017-05-01,1683,357,12,-75.0,837.0,1729.2677737499998
1604,2017-05-02,1684,358,12,-75.0,837.0,1730.295265
1605,2017-05-03,1685,358,12,-77.0,838.0,1731.3227562499999
1607,2017-05-04,1686,359,12,-75.0,838.0,1732.3502475
1608,2017-05-05,1687,359,12,-75.0,838.0,1733.37773875
1606,2017-05-06,1688,0,1,-76.0,840.0,1734.4052299999998
1610,2017-05-07,1689,0,1,-75.0,840.0,1735.43272125
1609,2017-05-08,1690,1,1,-76.0,840.0,1736.4602125
1614,2017-05-10,1692,2,1,-62.0,820.0,1738.515195
1612,2017-05-11,1693,2,1,-76.0,840.0,1739.5426862499999
1613,2017-05-12,1694,3,1,-76.0,840.0,1740.5701775
1611,2017-05-13,1695,3,1,-77.0,840.0,1741.59766875
1615,2017-05-14,1696,4,1,-75.0,841.0,1742.62516
1616,2017-05-15,1697,4,1,-77.0,841.0,1743.65265125
1618,2017-05-16,1698,5,1,-77.0,842.0,1744.6801424999999
1617,2017-05-17,1699,5,1,-76.0,843.0,1745.70763375
1619,2017-05-18,1700,6,1,-76.0,842.0,1746.735125
1620,2017-05-19,1701,6,1,-76.0,841.0,1747.7626162499998
1621,2017-05-20,1702,7,1,-75.0,842.0,1748.7901075
1622,2017-05-21,1703,7,1,-76.0,843.0,1749.81759875
1625,2017-05-22,1704,8,1,-77.0,844.0,1750.84509
1623,2017-05-23,1705,8,1,-76.0,845.0,1751.87258125
1624,2017-05-24,1706,9,1,-77.0,845.0,1752.9000724999999
1627,2017-05-26,1707,9,1,-77.0,846.0,1753.92756375
1626,2017-05-27,1708,10,1,-76.0,846.0,1754.955055
1628,2017-05-28,1709,10,1,-76.0,847.0,1755.98254625
1629,2017-05-29,1710,11,1,-76.0,848.0,1757.0100375
1631,2017-05-30,1711,11,1,-75.0,848.0,1758.0375287499999
1630,2017-05-31,1712,12,1,-77.0,849.0,1759.06502
1635,2017-06-01,1713,12,1,-75.0,850.0,1760.09251125
1633,2017-06-02,1714,13,1,-77.0,849.0,1761.1200025
1634,2017-06-03,1715,13,1,-77.0,851.0,1762.14749375
1632,2017-06-04,1716,14,1,-76.0,850.0,1763.1749849999999
1636,2017-06-05,1717,14,1,-76.0,851.0,1764.20247625
1637,2017-06-06,1718,15,1,-77.0,852.0,1765.2299675
1639,2017-06-07,1719,15,1,-77.0,853.0,1766.2574587499998
1638,2017-06-08,1720,16,1,-76.0,853.0,1767.28495
1641,2017-06-09,1721,16,1,-76.0,852.0,1768.31244125
1640,2017-06-10,1722,17,1,-77.0,854.0,1769.3399325
1642,2017-06-11,1723,17,1,-76.0,854.0,1770.36742375
1643,2017-06-12,1724,18,1,-77.0,856.0,1771.3949149999999
1644,2017-06-13,1725,18,1,-79.0,857.0,1772.42240625
1645,2017-06-14,1726,19,1,-76.0,855.0,1773.4498975
1647,2017-06-15,1727,19,1,-75.0,855.0,1774.47738875
1648,2017-06-16,1728,20,1,-76.0,855.0,1775.50488
1646,2017-06-17,1729,20,1,-76.0,858.0,1776.5323712499999
1650,2017-06-18,1730,21,1,-77.0,858.0,1777.5598625
1649,2017-06-19,1731,21,1,-78.0,857.0,1778.58735375
1651,2017-06-20,1732,22,1,-78.0,858.0,1779.6148449999998
1652,2017-06-21,1733,22,1,-77.0,859.0,1780.64233625
1655,2017-06-22,1734,23,1,-78.0,859.0,1781.6698274999999
1653,2017-06-23,1735,23,1,-78.0,861.0,1782.69731875
1654,2017-06-24,1736,23,1,-77.0,860.0,1783.72481
1656,2017-06-25,1737,24,1,-78.0,861.0,1784.7523012499998
1657,2017-06-26,1738,24,1,-78.0,861.0,1785.7797925
1658,2017-06-27,1739,25,1,-77.0,861.0,1786.80728375
1662,2017-06-28,1740,25,1,-78.0,861.0,1787.834775
1659,2017-06-29,1741,26,1,-78.0,863.0,1788.86226625
1661,2017-06-30,1742,26,1,-77.0,865.0,1789.8897574999999
1660,2017-07-02,1743,27,1,-78.0,863.0,1790.91724875
1663,2017-07-03,1744,27,1,-78.0,863.0,1791.94474
1664,2017-07-04,1745,28,1,-78.0,865.0,1792.97223125
1665,2017-07-05,1746,28,1,-76.0,866.0,1793.9997225
1666,2017-07-06,1747,29,1,-79.0,866.0,1795.0272137499999
1668,2017-07-07,1748,29,1,-79.0,867.0,1796.054705
1667,2017-07-08,1749,30,2,-76.0,867.0,1797.08219625
1669,2017-07-09,1750,30,2,-77.0,867.0,1798.1096874999998
1670,2017-07-10,1751,31,2,-78.0,867.0,1799.13717875
1671,2017-07-11,1752,31,2,-80.0,867.0,1800.16467
1672,2017-07-12,1753,32,2,-76.0,868.0,1801.19216125
1673,2017-07-13,1754,32,2,-78.0,870.0,1802.2196525
1674,2017-07-14,1755,32,2,-77.0,870.0,1803.2471437499999
1675,2017-07-15,1756,33,2,-78.0,871.0,1804.274635
1676,2017-07-16,1757,33,2,-78.0,871.0,1805.30212625
1677,2017-07-17,1758,34,2,-78.0,871.0,1806.3296175
1678,2017-07-18,1759,34,2,-77.0,871.0,1807.35710875
1679,2017-07-19,1760,35,2,-78.0,872.0,1808.3845999999999
1684,2017-07-20,1761,35,2,-77.0,872.0,1809.41209125
1687,2017-07-21,1762,36,2,-77.0,872.0,1810.4395825
1680,2017-07-22,1763,36,2,-78.0,873.0,1811.46707375
1682,2017-07-23,1764,37,2,-79.0,872.0,1812.494565
1690,2017-07-24,1765,37,2,-77.0,873.0,1813.5220562499999
1688,2017-07-25,1766,38,2,-79.0,873.0,1814.5495475
1691,2017-07-26,1767,38,2,-77.0,874.0,1815.57703875
1683,2017-07-27,1768,39,2,-78.0,875.0,1816.6045299999998
1689,2017-07-28,1769,39,2,-76.0,875.0,1817.63202125
1686,2017-07-29,1770,39,2,-79.0,875.0,1818.6595125
1692,2017-07-30,1771,40,2,-79.0,876.0,1819.68700375
1681,2017-07-31,1772,40,2,-78.0,876.0,1820.714495
1685,2017-08-01,1773,41,2,-78.0,876.0,1821.7419862499999
1693,2017-08-02,1774,41,2,-79.0,877.0,1822.7694775
1694,2017-08-03,1775,42,2,-80.0,877.0,1823.79696875
1696,2017-08-04,1776,42,2,-79.0,877.0,1824.82446
1695,2017-08-05,1777,43,2,-79.0,877.0,1825.85195125
1697,2017-08-06,1778,43,2,-81.0,877.0,1826.8794424999999
1698,2017-08-07,1779,44,2,-78.0,878.0,1827.90693375
1699,2017-08-09,1780,44,2,-77.0,879.0,1828.934425
1700,2017-08-10,1781,45,2,-78.0,879.0,1829.9619162499998
1701,2017-08-11,1782,45,2,-78.0,878.0,1830.9894075
1703,2017-08-12,1783,45,2,-79.0,879.0,1832.0168987499999
1702,2017-08-13,1784,46,2,-80.0,883.0,1833.04439
1704,2017-08-14,1785,46,2,-77.0,881.0,1834.07188125
1705,2017-08-16,1787,47,2,-79.0,881.0,1836.12686375
1706,2017-08-17,1788,48,2,-79.0,881.0,1837.154355
1708,2017-08-18,1789,48,2,-79.0,881.0,1838.18184625
1707,2017-08-19,1790,49,2,-81.0,882.0,1839.2093375
1709,2017-08-20,1791,49,2,-79.0,882.0,1840.2368287499999
1710,2017-08-21,1792,50,2,-80.0,883.0,1841.26432
1711,2017-08-22,1793,50,2,-80.0,883.0,1842.29181125
1712,2017-08-23,1794,50,2,-80.0,883.0,1843.3193025
1714,2017-08-24,1795,51,2,-81.0,882.0,1844.34679375
1715,2017-08-25,1796,51,2,-80.0,883.0,1845.3742849999999
1713,2017-08-26,1797,52,2,-79.0,884.0,1846.40177625
1716,2017-08-27,1798,52,2,-79.0,883.0,1847.4292675
1717,2017-08-28,1799,53,2,-78.0,883.0,1848.4567587499998
1718,2017-08-29,1800,53,2,-80.0,883.0,1849.48425
1719,2017-08-30,1801,54,2,-80.0,882.0,1850.51174125
1722,2017-08-31,1802,54,2,-79.0,882.0,1851.5392325
1723,2017-09-01,1803,55,2,-78.0,882.0,1852.56672375
1720,2017-09-02,1804,55,2,-78.0,883.0,1853.5942149999998
1721,2017-09-03,1805,55,2,-78.0,883.0,1854.62170625
1724,2017-09-04,1806,56,2,-80.0,884.0,1855.6491975
1725,2017-09-05,1807,56,2,-78.0,884.0,1856.67668875
1726,2017-09-06,1808,57,2,-79.0,884.0,1857.70418
1728,2017-09-07,1809,57,2,-80.0,884.0,1858.7316712499999
1729,2017-09-08,1810,58,2,-78.0,883.0,1859.7591625
1727,2017-09-09,1811,58,2,-79.0,882.0,1860.78665375
1730,2017-09-10,1812,59,2,-79.0,882.0,1861.814145
1731,2017-09-11,1813,59,2,-80.0,881.0,1862.84163625
1732,2017-09-12,1814,59,2,-80.0,881.0,1863.8691274999999
1733,2017-09-13,1815,60,3,-81.0,881.0,1864.89661875
1734,2017-09-15,1816,60,3,-82.0,882.0,1865.92411
1735,2017-09-16,1817,61,3,-80.0,882.0,1866.9516012499998
1736,2017-09-17,1818,61,3,-81.0,881.0,1867.9790925
1737,2017-09-18,1819,62,3,-82.0,880.0,1869.00658375
1738,2017-09-19,1820,62,3,-79.0,881.0,1870.034075
1740,2017-09-20,1821,63,3,-81.0,882.0,1871.06156625
1739,2017-09-21,1822,63,3,-78.0,881.0,1872.0890574999999
1743,2017-09-22,1823,64,3,-80.0,879.0,1873.11654875
1742,2017-09-23,1824,64,3,-80.0,879.0,1874.14404
1741,2017-09-24,1825,64,3,-80.0,878.0,1875.17153125
1744,2017-09-25,1826,65,3,-80.0,878.0,1876.1990225
1745,2017-09-26,1827,65,3,-80.0,879.0,1877.2265137499999
1746,2017-09-27,1828,66,3,-80.0,878.0,1878.254005
1749,2017-09-28,1829,66,3,-78.0,877.0,1879.28149625
1748,2017-09-29,1830,67,3,-80.0,877.0,1880.3089874999998
1747,2017-09-30,1831,67,3,-80.0,876.0,1881.33647875
1750,2017-10-01,1832,68,3,-84.0,875.0,1882.3639699999999
1751,2017-10-02,1833,68,3,-81.0,875.0,1883.39146125
1752,2017-10-03,1834,68,3,-80.0,875.0,1884.4189525
1753,2017-10-04,1835,69,3,-80.0,873.0,1885.4464437499998
1755,2017-10-05,1836,69,3,-81.0,873.0,1886.473935
1756,2017-10-06,1837,70,3,-81.0,872.0,1887.50142625
1754,2017-10-07,1838,70,3,-79.0,872.0,1888.5289175
1757,2017-10-08,1839,71,3,-80.0,872.0,1889.55640875
1758,2017-10-09,1840,71,3,-77.0,871.0,1890.5838999999999
1759,2017-10-10,1841,72,3,-77.0,870.0,1891.61139125
1761,2017-10-11,1842,72,3,-79.0,869.0,1892.6388825
1760,2017-10-12,1843,72,3,-80.0,869.0,1893.66637375
1762,2017-10-13,1844,73,3,-81.0,869.0,1894.693865
1763,2017-10-14,1845,73,3,-80.0,868.0,1895.7213562499999
1765,2017-10-15,1846,74,3,-80.0,868.0,1896.7488475
1764,2017-10-16,1847,74,3,-80.0,866.0,1897.77633875
1766,2017-10-17,1848,75,3,-80.0,865.0,1898.8038299999998
1770,2017-10-18,1849,75,3,-80.0,864.0,1899.83132125
1768,2017-10-19,1850,76,3,-80.0,864.0,1900.8588124999999
1767,2017-10-20,1851,76,3,-87.0,864.0,1901.88630375
1769,2017-10-22,1852,77,3,-80.0,863.0,1902.913795
1771,2017-10-23,1853,77,3,-80.0,862.0,1903.9412862499998
1772,2017-10-24,1854,77,3,-80.0,861.0,1904.9687775
1773,2017-10-25,1855,78,3,-78.0,861.0,1905.99626875
1774,2017-10-26,1856,78,3,-80.0,859.0,1907.02376
1776,2017-10-27,1857,79,3,-80.0,858.0,1908.05125125
1775,2017-10-28,1858,79,3,-81.0,857.0,1909.0787424999999
1779,2017-10-29,1859,80,3,-79.0,857.0,1910.10623375
1778,2017-10-30,1860,80,3,-80.0,857.0,1911.133725
1780,2017-10-31,1861,81,3,-79.0,855.0,1912.16121625
1777,2017-11-01,1862,81,3,-81.0,854.0,1913.1887075
1781,2017-11-02,1863,81,3,-80.0,853.0,1914.2161987499999
1782,2017-11-03,1864,82,3,-82.0,852.0,1915.24369
1783,2017-11-04,1865,82,3,-80.0,852.0,1916.27118125
1785,2017-11-05,1866,83,3,-80.0,850.0,1917.2986724999998
1784,2017-11-06,1867,83,3,-78.0,848.0,1918.32616375
1786,2017-11-07,1868,84,3,-80.0,848.0,1919.353655
1787,2017-11-08,1869,84,3,-81.0,846.0,1920.38114625
1788,2017-11-09,1870,85,3,-81.0,845.0,1921.4086375
1789,2017-11-10,1871,85,3,-80.0,844.0,1922.4361287499999
1791,2017-11-11,1872,86,3,-79.0,843.0,1923.46362
1790,2017-11-12,1873,86,3,-79.0,842.0,1924.49111125
1792,2017-11-13,1874,86,3,-80.0,840.0,1925.5186025
1793,2017-11-14,1875,87,3,-79.0,839.0,1926.54609375
1794,2017-11-15,1876,87,3,-79.0,838.0,1927.5735849999999
1797,2017-11-16,1877,88,3,-79.0,837.0,1928.60107625
1795,2017-11-17,1878,88,3,-79.0,835.0,1929.6285675
1796,2017-11-18,1879,89,3,-79.0,834.0,1930.6560587499998
1798,2017-11-19,1880,89,3,-79.0,833.0,1931.68355
1803,2017-11-20,1881,90,4,-79.0,832.0,1932.7110412499999
1801,2017-11-21,1882,90,4,-78.0,831.0,1933.7385325
1800,2017-11-22,1883,91,4,-78.0,830.0,1934.76602375
1799,2017-11-23,1884,91,4,-79.0,829.0,1935.7935149999998
1804,2017-11-24,1885,91,4,-79.0,827.0,1936.82100625
1805,2017-11-25,1886,92,4,-79.0,826.0,1937.8484975
1802,2017-11-26,1887,92,4,-79.0,824.0,1938.87598875
1807,2017-11-27,1888,93,4,-79.0,823.0,1939.90348
1806,2017-11-29,1889,93,4,-80.0,822.0,1940.9309712499999
1808,2017-11-30,1890,94,4,-79.0,821.0,1941.9584625
1810,2017-12-01,1891,94,4,-80.0,819.0,1942.98595375
1809,2017-12-02,1892,95,4,-81.0,817.0,1944.013445
1812,2017-12-03,1893,95,4,-79.0,816.0,1945.04093625
1811,2017-12-04,1894,96,4,-79.0,815.0,1946.0684274999999
1814,2017-12-05,1895,96,4,-78.0,814.0,1947.09591875
1813,2017-12-06,1896,96,4,-79.0,812.0,1948.12341
1817,2017-12-07,1897,97,4,-80.0,811.0,1949.1509012499998
1816,2017-12-08,1898,97,4,-81.0,810.0,1950.1783925
1815,2017-12-09,1899,98,4,-81.0,808.0,1951.2058837499999
1818,2017-12-10,1900,98,4,-81.0,807.0,1952.233375
1819,2017-12-11,1901,99,4,-81.0,806.0,1953.26086625
1820,2017-12-12,1902,99,4,-79.0,804.0,1954.2883574999998
1821,2017-12-13,1903,100,4,-78.0,803.0,1955.31584875
1822,2017-12-14,1904,100,4,-79.0,801.0,1956.34334
1823,2017-12-15,1905,101,4,-80.0,800.0,1957.37083125
1824,2017-12-16,1906,101,4,-79.0,799.0,1958.3983225
1825,2017-12-17,1907,101,4,-79.0,798.0,1959.4258137499999
1826,2017-12-18,1908,102,4,-79.0,796.0,1960.453305
1827,2017-12-19,1909,102,4,-80.0,795.0,1961.48079625
1828,2017-12-20,1910,103,4,-80.0,794.0,1962.5082874999998
1833,2017-12-21,1911,103,4,-79.0,792.0,1963.53577875
1832,2017-12-22,1912,104,4,-80.0,791.0,1964.5632699999999
1830,2017-12-23,1913,104,4,-79.0,791.0,1965.59076125
1834,2017-12-24,1914,105,4,-78.0,790.0,1966.6182525
1835,2017-12-25,1915,105,4,-78.0,788.0,1967.6457437499998
1829,2017-12-26,1916,106,4,-79.0,787.0,1968.673235
1831,2017-12-27,1917,106,4,-80.0,786.0,1969.70072625
1839,2017-12-28,1918,107,4,-77.0,784.0,1970.7282175
1836,2017-12-29,1919,107,4,-77.0,783.0,1971.75570875
1837,2017-12-30,1920,108,4,-77.0,782.0,1972.7831999999999
1838,2017-12-31,1921,108,4,-78.0,781.0,1973.81069125
1840,2018-01-01,1922,108,4,-79.0,780.0,1974.8381825
1842,2018-01-02,1923,109,4,-77.0,778.0,1975.86567375
1841,2018-01-03,1924,109,4,-78.0,777.0,1976.893165
1844,2018-01-05,1925,110,4,-79.0,777.0,1977.9206562499999
1843,2018-01-06,1926,110,4,-80.0,775.0,1978.9481475
1845,2018-01-07,1927,111,4,-79.0,774.0,1979.97563875
1847,2018-01-08,1928,111,4,-78.0,773.0,1981.0031299999998
1846,2018-01-09,1929,112,4,-79.0,771.0,1982.03062125
1848,2018-01-10,1930,112,4,-79.0,770.0,1983.0581124999999
1849,2018-01-11,1931,113,4,-79.0,770.0,1984.08560375
1850,2018-01-12,1932,113,4,-79.0,768.0,1985.113095
1852,2018-01-13,1933,114,4,-78.0,767.0,1986.1405862499998
1851,2018-01-14,1934,114,4,-79.0,766.0,1987.1680775
1853,2018-01-15,1935,115,4,-80.0,765.0,1988.19556875
1855,2018-01-16,1936,115,4,-79.0,764.0,1989.22306
1854,2018-01-17,1937,116,4,-80.0,763.0,1990.25055125
1859,2018-01-18,1938,116,4,-78.0,762.0,1991.2780424999999
1857,2018-01-19,1939,116,4,-78.0,760.0,1992.30553375
1858,2018-01-20,1940,117,4,-77.0,759.0,1993.333025
1856,2018-01-21,1941,117,4,-77.0,758.0,1994.36051625
1860,2018-01-22,1942,118,4,-78.0,757.0,1995.3880075
1863,2018-01-23,1943,118,4,-78.0,756.0,1996.4154987499999
1861,2018-01-24,1944,119,4,-80.0,755.0,1997.44299
1862,2018-01-25,1945,119,4,-78.0,754.0,1998.47048125
1864,2018-01-26,1946,120,5,-79.0,753.0,1999.4979724999998
1865,2018-01-27,1947,120,5,-78.0,751.0,2000.52546375
1866,2018-01-28,1948,121,5,-78.0,752.0,2001.5529549999999
1867,2018-01-29,1949,121,5,-78.0,751.0,2002.58044625
1868,2018-01-30,1950,122,5,-79.0,750.0,2003.6079375
1869,2018-01-31,1951,122,5,-77.0,749.0,2004.6354287499998
1871,2018-02-01,1952,123,5,-80.0,748.0,2005.66292
1870,2018-02-02,1953,123,5,-78.0,747.0,2006.69041125
1872,2018-02-03,1954,124,5,-77.0,745.0,2007.7179025
1873,2018-02-04,1955,124,5,-77.0,745.0,2008.74539375
1879,2018-02-05,1956,125,5,-79.0,744.0,2009.7728849999999
1875,2018-02-06,1957,125,5,-77.0,742.0,2010.80037625
1874,2018-02-07,1958,126,5,-77.0,741.0,2011.8278675
1878,2018-02-08,1959,126,5,-78.0,740.0,2012.8553587499998
1876,2018-02-09,1960,127,5,-78.0,740.0,2013.88285
1877,2018-02-11,1961,127,5,-77.0,740.0,2014.9103412499999
1880,2018-02-12,1962,128,5,-78.0,738.0,2015.9378325
1881,2018-02-13,1963,128,5,-77.0,737.0,2016.96532375
1882,2018-02-14,1964,129,5,-76.0,736.0,2017.9928149999998
1883,2018-02-15,1965,129,5,-76.0,735.0,2019.02030625
1884,2018-02-16,1966,130,5,-77.0,735.0,2020.0477975
1885,2018-02-17,1967,130,5,-76.0,734.0,2021.07528875
1886,2018-02-18,1968,131,5,-76.0,732.0,2022.10278
1887,2018-02-19,1969,131,5,-76.0,732.0,2023.1302712499999
1888,2018-02-20,1970,132,5,-77.0,731.0,2024.1577625
1890,2018-02-21,1971,132,5,-78.0,731.0,2025.18525375
1891,2018-02-22,1972,133,5,-78.0,730.0,2026.212745
1889,2018-02-23,1973,133,5,-78.0,730.0,2027.24023625
1892,2018-02-24,1974,134,5,-77.0,729.0,2028.2677274999999
1894,2018-02-25,1975,134,5,-76.0,729.0,2029.29521875
1893,2018-02-26,1976,135,5,-77.0,728.0,2030.32271
1895,2018-02-27,1977,135,5,-77.0,727.0,2031.3502012499998
